student_id,class,term,subject,marks,attendance_pct,study_hours,grade
1,10-A,1,Mathematics,63.8,83.0,7.2,C
1,10-A,1,Science,69.4,83.0,7.2,C
1,10-A,1,English,71.2,83.0,7.2,C
1,10-A,1,Social Science,76.5,83.0,7.2,B
1,10-A,1,Computer Science,86.2,83.0,7.2,B
1,10-A,2,Mathematics,70.8,76.1,6.4,C
1,10-A,2,Science,73.0,76.1,6.4,C
1,10-A,2,English,76.5,76.1,6.4,B
1,10-A,2,Social Science,69.3,76.1,6.4,C
1,10-A,2,Computer Science,76.7,76.1,6.4,B
1,10-A,3,Mathematics,69.4,89.0,4.6,C
1,10-A,3,Science,63.7,89.0,4.6,C
1,10-A,3,English,72.4,89.0,4.6,C
1,10-A,3,Social Science,68.1,89.0,4.6,C
1,10-A,3,Computer Science,79.7,89.0,4.6,B
2,10-A,1,Mathematics,61.7,80.8,7.8,C
2,10-A,1,Science,50.8,80.8,7.8,D
2,10-A,1,English,67.6,80.8,7.8,C
2,10-A,1,Social Science,69.6,80.8,7.8,C
2,10-A,1,Computer Science,72.5,80.8,7.8,C
2,10-A,2,Mathematics,51.1,63.8,6.2,D
2,10-A,2,Science,55.1,63.8,6.2,D
2,10-A,2,English,71.3,63.8,6.2,C
2,10-A,2,Social Science,59.1,63.8,6.2,D
2,10-A,2,Computer Science,65.8,63.8,6.2,C
2,10-A,3,Mathematics,67.1,88.9,6.2,C
2,10-A,3,Science,71.4,88.9,6.2,C
2,10-A,3,English,76.1,88.9,6.2,B
2,10-A,3,Social Science,67.4,88.9,6.2,C
2,10-A,3,Computer Science,77.2,88.9,6.2,B
3,10-A,1,Mathematics,75.8,66.6,11.3,B
3,10-A,1,Science,74.3,66.6,11.3,C
3,10-A,1,English,95.1,66.6,11.3,A
3,10-A,1,Social Science,86.7,66.6,11.3,B
3,10-A,1,Computer Science,76.9,66.6,11.3,B
3,10-A,2,Mathematics,81.3,83.8,10.7,B
3,10-A,2,Science,89.6,83.8,10.7,B
3,10-A,2,English,90.1,83.8,10.7,A
3,10-A,2,Social Science,93.5,83.8,10.7,A
3,10-A,2,Computer Science,100.0,83.8,10.7,A
3,10-A,3,Mathematics,78.4,77.3,9.9,B
3,10-A,3,Science,85.0,77.3,9.9,B
3,10-A,3,English,82.1,77.3,9.9,B
3,10-A,3,Social Science,84.7,77.3,9.9,B
3,10-A,3,Computer Science,89.0,77.3,9.9,B
4,10-A,1,Mathematics,69.1,92.8,4.5,C
4,10-A,1,Science,80.7,92.8,4.5,B
4,10-A,1,English,69.9,92.8,4.5,C
4,10-A,1,Social Science,78.1,92.8,4.5,B
4,10-A,1,Computer Science,82.3,92.8,4.5,B
4,10-A,2,Mathematics,82.2,94.9,10.8,B
4,10-A,2,Science,85.0,94.9,10.8,B
4,10-A,2,English,90.7,94.9,10.8,A
4,10-A,2,Social Science,100.0,94.9,10.8,A
4,10-A,2,Computer Science,90.6,94.9,10.8,A
4,10-A,3,Mathematics,79.5,80.3,10.1,B
4,10-A,3,Science,82.0,80.3,10.1,B
4,10-A,3,English,81.5,80.3,10.1,B
4,10-A,3,Social Science,87.2,80.1,10.1,B
4,10-A,3,Computer Science,86.6,80.3,10.1,B
5,10-A,1,Mathematics,82.5,88.3,8.5,B
5,10-A,1,Science,79.4,88.3,8.5,B
5,10-A,1,English,92.8,88.3,8.5,A
5,10-A,1,Social Science,85.4,88.3,8.5,B
5,10-A,1,Computer Science,90.9,88.3,8.5,A
5,10-A,2,Mathematics,65.6,69.8,9.9,C
5,10-A,2,Science,66.5,69.8,9.9,C
5,10-A,2,English,81.9,80.1,9.9,B
5,10-A,2,Social Science,77.3,69.8,9.9,B
5,10-A,2,Computer Science,85.7,69.8,9.9,B
5,10-A,3,Mathematics,80.6,100.0,6.7,B
5,10-A,3,Science,88.6,100.0,6.7,B
5,10-A,3,English,95.3,100.0,6.7,A
5,10-A,3,Social Science,90.3,100.0,6.7,A
5,10-A,3,Computer Science,92.1,100.0,6.7,A
6,10-A,1,Mathematics,71.0,86.3,5.3,C
6,10-A,1,Science,74.7,86.3,5.3,C
6,10-A,1,English,73.2,86.3,5.3,C
6,10-A,1,Social Science,80.1,86.3,5.3,B
6,10-A,1,Computer Science,75.4,86.3,5.3,B
6,10-A,2,Mathematics,80.7,91.8,9.2,B
6,10-A,2,Science,79.7,91.8,9.2,B
6,10-A,2,English,87.5,91.8,9.2,B
6,10-A,2,Social Science,75.2,91.8,9.2,B
6,10-A,2,Computer Science,82.4,91.8,9.2,B
6,10-A,3,Mathematics,77.5,86.7,2.6,B
6,10-A,3,Science,65.0,86.7,2.6,C
6,10-A,3,English,85.0,86.7,2.6,B
6,10-A,3,Social Science,74.4,86.7,2.6,C
6,10-A,3,Computer Science,86.1,86.7,2.6,B
7,10-A,1,Mathematics,77.7,64.8,11.8,B
7,10-A,1,Science,71.6,64.8,11.8,C
7,10-A,1,English,75.4,64.8,11.8,B
7,10-A,1,Social Science,75.1,64.8,11.8,B
7,10-A,1,Computer Science,72.2,64.8,11.8,C
7,10-A,2,Mathematics,74.2,92.2,6.7,C
7,10-A,2,Science,72.7,92.2,6.7,C
7,10-A,2,English,78.7,92.2,6.7,B
7,10-A,2,Social Science,73.8,92.2,6.7,C
7,10-A,2,Computer Science,77.3,92.2,6.7,B
7,10-A,3,Mathematics,78.3,80.7,11.6,B
7,10-A,3,Science,77.1,80.7,11.6,B
7,10-A,3,English,84.3,80.7,11.6,B
7,10-A,3,Social Science,81.9,80.7,11.6,B
7,10-A,3,Computer Science,87.3,80.1,11.6,B
8,10-A,1,Mathematics,55.9,76.4,3.7,D
8,10-A,1,Science,73.7,76.4,3.7,C
8,10-A,1,English,64.8,76.4,3.7,C
8,10-A,1,Social Science,61.5,76.4,3.7,C
8,10-A,1,Computer Science,71.8,76.4,3.7,C
8,10-A,2,Mathematics,68.0,94.5,3.8,C
8,10-A,2,Science,68.4,94.5,3.8,C
8,10-A,2,English,66.6,94.5,3.8,C
8,10-A,2,Social Science,80.6,94.5,3.8,B
8,10-A,2,Computer Science,78.1,94.5,3.8,B
8,10-A,3,Mathematics,72.5,82.2,6.2,C
8,10-A,3,Science,69.5,82.2,6.2,C
8,10-A,3,English,76.9,82.2,6.2,B
8,10-A,3,Social Science,70.1,82.2,6.2,C
8,10-A,3,Computer Science,71.5,82.2,6.2,C
9,10-A,1,Mathematics,76.4,76.9,9.5,B
9,10-A,1,Science,76.9,76.9,9.5,B
9,10-A,1,English,81.5,76.9,9.5,B
9,10-A,1,Social Science,87.3,76.9,9.5,B
9,10-A,1,Computer Science,83.7,76.9,9.5,B
9,10-A,2,Mathematics,86.6,81.5,9.0,B
9,10-A,2,Science,86.6,81.5,9.0,B
9,10-A,2,English,89.8,81.5,9.0,B
9,10-A,2,Social Science,83.2,81.5,9.0,B
9,10-A,2,Computer Science,80.2,81.5,9.0,B
9,10-A,3,Mathematics,88.7,93.5,12.2,B
9,10-A,3,Science,70.5,93.5,12.2,C
9,10-A,3,English,100.0,93.5,12.2,A
9,10-A,3,Social Science,100.0,93.5,12.2,A
9,10-A,3,Computer Science,100.0,93.5,12.2,A
10,10-A,1,Mathematics,72.3,94.5,4.0,C
10,10-A,1,Science,73.1,94.5,4.0,C
10,10-A,1,English,80.4,94.5,4.0,B
10,10-A,1,Social Science,85.4,94.5,4.0,B
10,10-A,1,Computer Science,85.0,94.5,4.0,B
10,10-A,2,Mathematics,63.8,68.9,3.0,C
10,10-A,2,Science,55.8,68.9,3.0,D
10,10-A,2,English,66.9,68.9,3.0,C
10,10-A,2,Social Science,71.0,68.9,3.0,C
10,10-A,2,Computer Science,58.1,68.9,3.0,D
10,10-A,3,Mathematics,65.5,60.2,9.2,C
10,10-A,3,Science,66.8,60.2,9.2,C
10,10-A,3,English,73.5,60.2,9.2,C
10,10-A,3,Social Science,67.1,60.2,9.2,C
10,10-A,3,Computer Science,65.2,60.2,9.2,C
11,10-A,1,Mathematics,61.8,70.0,3.0,C
11,10-A,1,Science,70.5,70.0,3.0,C
11,10-A,1,English,69.2,70.0,3.0,C
11,10-A,1,Social Science,59.8,70.0,3.0,D
11,10-A,1,Computer Science,63.8,85.0,3.0,C
11,10-A,2,Mathematics,65.3,70.8,5.6,C
11,10-A,2,Science,62.4,70.8,5.6,C
11,10-A,2,English,74.2,70.8,5.6,C
11,10-A,2,Social Science,73.1,70.8,5.6,C
11,10-A,2,Computer Science,85.3,70.8,5.6,B
11,10-A,3,Mathematics,71.3,67.8,11.2,C
11,10-A,3,Science,74.7,67.8,11.2,C
11,10-A,3,English,71.1,67.8,11.2,C
11,10-A,3,Social Science,76.1,67.8,11.2,B
11,10-A,3,Computer Science,85.3,67.8,11.2,B
12,10-A,1,Mathematics,74.8,80.7,7.1,C
12,10-A,1,Science,70.7,80.7,7.1,C
12,10-A,1,English,62.6,80.7,7.1,C
12,10-A,1,Social Science,70.7,80.7,7.1,C
12,10-A,1,Computer Science,65.0,80.7,7.1,C
12,10-A,2,Mathematics,66.0,48.4,6.7,C
12,10-A,2,Science,61.3,48.4,6.7,C
12,10-A,2,English,59.0,80.1,6.7,D
12,10-A,2,Social Science,59.4,48.4,6.7,D
12,10-A,2,Computer Science,73.8,48.4,6.7,C
12,10-A,3,Mathematics,74.4,83.5,8.7,C
12,10-A,3,Science,78.0,83.5,8.7,B
12,10-A,3,English,87.6,83.5,8.7,B
12,10-A,3,Social Science,85.1,83.5,8.7,B
12,10-A,3,Computer Science,85.0,83.5,8.7,B
13,10-A,1,Mathematics,68.6,83.5,5.4,C
13,10-A,1,Science,57.4,83.5,5.4,D
13,10-A,1,English,69.2,83.5,5.4,C
13,10-A,1,Social Science,69.0,83.5,5.4,C
13,10-A,1,Computer Science,63.1,83.5,5.4,C
13,10-A,2,Mathematics,73.9,96.7,12.2,C
13,10-A,2,Science,84.3,96.7,12.2,B
13,10-A,2,English,87.0,96.7,12.2,B
13,10-A,2,Social Science,68.0,96.7,12.2,C
13,10-A,2,Computer Science,87.2,96.7,12.2,B
13,10-A,3,Mathematics,61.8,79.8,8.3,C
13,10-A,3,Science,69.6,79.8,8.3,C
13,10-A,3,English,75.1,79.8,8.3,B
13,10-A,3,Social Science,82.3,79.8,8.3,B
13,10-A,3,Computer Science,79.2,79.8,8.3,B
14,10-A,1,Mathematics,70.1,95.3,6.3,C
14,10-A,1,Science,64.5,95.3,6.3,C
14,10-A,1,English,89.8,95.3,6.3,B
14,10-A,1,Social Science,85.2,95.3,6.3,B
14,10-A,1,Computer Science,86.9,95.3,6.3,B
14,10-A,2,Mathematics,75.8,87.7,8.6,B
14,10-A,2,Science,76.0,87.7,8.6,B
14,10-A,2,English,81.3,87.7,8.6,B
14,10-A,2,Social Science,81.8,87.7,8.6,B
14,10-A,2,Computer Science,92.6,87.7,8.6,A
14,10-A,3,Mathematics,72.7,87.5,8.4,C
14,10-A,3,Science,75.4,87.5,8.4,B
14,10-A,3,English,93.8,87.5,8.4,A
14,10-A,3,Social Science,86.3,87.5,8.4,B
14,10-A,3,Computer Science,85.6,87.5,8.4,B
15,10-A,1,Mathematics,68.1,68.4,7.6,C
15,10-A,1,Science,63.5,68.4,7.6,C
15,10-A,1,English,69.5,68.4,7.6,C
15,10-A,1,Social Science,68.5,68.4,7.6,C
15,10-A,1,Computer Science,72.5,68.4,7.6,C
15,10-A,2,Mathematics,58.1,64.6,7.4,D
15,10-A,2,Science,71.6,64.6,7.4,C
15,10-A,2,English,66.6,64.6,7.4,C
15,10-A,2,Social Science,73.7,64.6,7.4,C
15,10-A,2,Computer Science,81.4,64.6,7.4,B
15,10-A,3,Mathematics,70.3,78.3,6.6,C
15,10-A,3,Science,72.1,78.3,6.6,C
15,10-A,3,English,71.2,78.3,6.6,C
15,10-A,3,Social Science,78.9,78.3,6.6,B
15,10-A,3,Computer Science,90.2,78.3,6.6,A
16,10-A,1,Mathematics,65.0,77.6,4.7,C
16,10-A,1,Science,58.6,77.6,4.7,D
16,10-A,1,English,64.4,77.6,4.7,C
16,10-A,1,Social Science,77.7,77.6,4.7,B
16,10-A,1,Computer Science,66.6,77.6,4.7,C
16,10-A,2,Mathematics,81.1,91.4,12.7,B
16,10-A,2,Science,85.8,91.4,12.7,B
16,10-A,2,English,99.2,91.4,12.7,A
16,10-A,2,Social Science,85.3,91.4,12.7,B
16,10-A,2,Computer Science,84.9,91.4,12.7,B
16,10-A,3,Mathematics,77.2,68.1,8.6,B
16,10-A,3,Science,77.1,68.1,8.6,B
16,10-A,3,English,70.7,68.1,8.6,C
16,10-A,3,Social Science,70.2,68.1,8.6,C
16,10-A,3,Computer Science,74.3,68.1,8.6,C
17,10-A,1,Mathematics,72.7,78.4,8.8,C
17,10-A,1,Science,72.2,78.4,8.8,C
17,10-A,1,English,78.7,78.4,8.8,B
17,10-A,1,Social Science,79.2,78.4,8.8,B
17,10-A,1,Computer Science,79.4,78.4,8.8,B
17,10-A,2,Mathematics,85.6,86.5,14.1,B
17,10-A,2,Science,85.4,86.5,14.1,B
17,10-A,2,English,80.0,86.5,14.1,B
17,10-A,2,Social Science,91.4,86.5,14.1,A
17,10-A,2,Computer Science,79.4,86.5,14.1,B
17,10-A,3,Mathematics,78.7,68.3,11.3,B
17,10-A,3,Science,76.6,68.3,11.3,B
17,10-A,3,English,72.2,68.3,11.3,C
17,10-A,3,Social Science,79.2,68.3,11.3,B
17,10-A,3,Computer Science,79.4,68.3,11.3,B
18,10-A,1,Mathematics,75.8,100.0,9.0,B
18,10-A,1,Science,76.4,100.0,9.0,B
18,10-A,1,English,88.1,100.0,9.0,B
18,10-A,1,Social Science,75.2,100.0,9.0,B
18,10-A,1,Computer Science,82.5,100.0,9.0,B
18,10-A,2,Mathematics,78.6,83.1,5.2,B
18,10-A,2,Science,81.4,83.1,5.2,B
18,10-A,2,English,86.5,83.1,5.2,B
18,10-A,2,Social Science,76.1,83.1,5.2,B
18,10-A,2,Computer Science,84.1,83.1,5.2,B
18,10-A,3,Mathematics,74.5,81.6,7.8,C
18,10-A,3,Science,71.8,81.6,7.8,C
18,10-A,3,English,75.9,81.6,7.8,B
18,10-A,3,Social Science,88.3,81.6,7.8,B
18,10-A,3,Computer Science,84.4,81.6,7.8,B
19,10-A,1,Mathematics,63.0,90.3,2.9,C
19,10-A,1,Science,71.7,90.3,2.9,C
19,10-A,1,English,78.0,90.3,2.9,B
19,10-A,1,Social Science,72.4,90.3,2.9,C
19,10-A,1,Computer Science,82.9,90.3,2.9,B
19,10-A,2,Mathematics,63.9,83.4,4.8,C
19,10-A,2,Science,77.3,83.4,4.8,B
19,10-A,2,English,80.3,83.4,4.8,B
19,10-A,2,Social Science,65.1,83.4,4.8,C
19,10-A,2,Computer Science,86.6,83.4,4.8,B
19,10-A,3,Mathematics,80.5,88.3,12.7,B
19,10-A,3,Science,84.0,88.3,12.7,B
19,10-A,3,English,84.0,88.3,12.7,B
19,10-A,3,Social Science,100.0,88.3,12.7,A
19,10-A,3,Computer Science,90.7,88.3,12.7,A
20,10-A,1,Mathematics,67.1,75.9,9.3,C
20,10-A,1,Science,77.9,75.9,9.3,B
20,10-A,1,English,91.1,75.9,9.3,A
20,10-A,1,Social Science,76.6,75.9,9.3,B
20,10-A,1,Computer Science,92.6,75.9,9.3,A
20,10-A,2,Mathematics,75.9,86.8,6.0,B
20,10-A,2,Science,79.2,86.8,6.0,B
20,10-A,2,English,86.7,86.8,6.0,B
20,10-A,2,Social Science,82.7,86.8,6.0,B
20,10-A,2,Computer Science,83.0,86.8,6.0,B
20,10-A,3,Mathematics,71.7,81.3,6.3,C
20,10-A,3,Science,82.2,81.3,6.3,B
20,10-A,3,English,92.8,81.3,6.3,A
20,10-A,3,Social Science,77.3,81.3,6.3,B
20,10-A,3,Computer Science,88.5,81.3,6.3,B
21,10-A,1,Mathematics,61.7,69.3,10.2,C
21,10-A,1,Science,76.8,69.3,10.2,B
21,10-A,1,English,68.1,69.3,10.2,C
21,10-A,1,Social Science,74.1,69.3,10.2,C
21,10-A,1,Computer Science,72.4,69.3,10.2,C
21,10-A,2,Mathematics,66.4,72.5,9.7,C
21,10-A,2,Science,73.9,72.5,9.7,C
21,10-A,2,English,75.0,72.5,9.7,B
21,10-A,2,Social Science,67.8,72.5,9.7,C
21,10-A,2,Computer Science,75.7,72.5,9.7,B
21,10-A,3,Mathematics,68.7,81.5,11.2,C
21,10-A,3,Science,76.9,81.5,11.2,B
21,10-A,3,English,71.8,81.5,11.2,C
21,10-A,3,Social Science,85.1,81.5,11.2,B
21,10-A,3,Computer Science,76.7,81.5,11.2,B
22,10-A,1,Mathematics,52.7,76.7,10.4,D
22,10-A,1,Science,58.3,76.7,10.4,D
22,10-A,1,English,65.3,76.7,10.4,C
22,10-A,1,Social Science,62.0,76.7,10.4,C
22,10-A,1,Computer Science,73.1,76.7,10.4,C
22,10-A,2,Mathematics,58.8,70.2,5.2,D
22,10-A,2,Science,53.8,70.2,5.2,D
22,10-A,2,English,65.9,70.2,5.2,C
22,10-A,2,Social Science,56.5,70.2,5.2,D
22,10-A,2,Computer Science,57.0,70.2,5.2,D
22,10-A,3,Mathematics,61.8,60.9,13.3,C
22,10-A,3,Science,68.2,60.9,13.3,C
22,10-A,3,English,71.5,60.9,13.3,C
22,10-A,3,Social Science,71.7,60.9,13.3,C
22,10-A,3,Computer Science,73.0,60.9,13.3,C
23,10-A,1,Mathematics,67.6,72.5,4.3,C
23,10-A,1,Science,66.5,72.5,4.3,C
23,10-A,1,English,84.0,72.5,4.3,B
23,10-A,1,Social Science,83.5,72.5,4.3,B
23,10-A,1,Computer Science,74.8,72.5,4.3,C
23,10-A,2,Mathematics,85.7,70.0,8.2,B
23,10-A,2,Science,63.4,70.0,8.2,C
23,10-A,2,English,88.5,70.0,8.2,B
23,10-A,2,Social Science,77.9,70.0,8.2,B
23,10-A,2,Computer Science,92.6,70.0,8.2,A
23,10-A,3,Mathematics,72.4,74.1,8.7,C
23,10-A,3,Science,78.5,74.1,8.7,B
23,10-A,3,English,97.7,74.1,8.7,A
23,10-A,3,Social Science,93.3,74.1,8.7,A
23,10-A,3,Computer Science,88.0,74.1,8.7,B
24,10-A,1,Mathematics,55.5,59.8,6.4,D
24,10-A,1,Science,58.2,59.8,6.4,D
24,10-A,1,English,63.2,59.8,6.4,C
24,10-A,1,Social Science,56.0,59.8,6.4,D
24,10-A,1,Computer Science,64.3,59.8,6.4,C
24,10-A,2,Mathematics,82.2,79.3,11.7,B
24,10-A,2,Science,73.2,79.3,11.7,C
24,10-A,2,English,74.4,79.3,11.7,C
24,10-A,2,Social Science,77.6,79.3,11.7,B
24,10-A,2,Computer Science,76.3,79.3,11.7,B
24,10-A,3,Mathematics,60.1,73.3,8.0,C
24,10-A,3,Science,73.0,73.3,8.0,C
24,10-A,3,English,73.8,73.3,8.0,C
24,10-A,3,Social Science,74.9,73.3,8.0,C
24,10-A,3,Computer Science,74.3,73.3,8.0,C
25,10-A,1,Mathematics,57.2,69.4,6.9,D
25,10-A,1,Science,64.9,69.4,6.9,C
25,10-A,1,English,68.4,69.4,6.9,C
25,10-A,1,Social Science,59.3,69.4,6.9,D
25,10-A,1,Computer Science,69.9,69.4,6.9,C
25,10-A,2,Mathematics,58.7,80.1,6.1,D
25,10-A,2,Science,51.0,66.5,6.1,D
25,10-A,2,English,69.0,80.1,6.1,C
25,10-A,2,Social Science,68.3,66.5,6.1,C
25,10-A,2,Computer Science,68.5,66.5,6.1,C
25,10-A,3,Mathematics,67.6,76.7,7.1,C
25,10-A,3,Science,68.6,76.7,7.1,C
25,10-A,3,English,71.9,76.7,7.1,C
25,10-A,3,Social Science,74.8,76.7,7.1,C
25,10-A,3,Computer Science,69.0,76.7,7.1,C
26,10-A,1,Mathematics,67.9,81.8,7.7,C
26,10-A,1,Science,76.8,81.8,7.7,B
26,10-A,1,English,68.5,81.8,7.7,C
26,10-A,1,Social Science,80.3,81.8,7.7,B
26,10-A,1,Computer Science,81.0,81.8,7.7,B
26,10-A,2,Mathematics,71.7,84.2,9.6,C
26,10-A,2,Science,77.1,84.2,9.6,B
26,10-A,2,English,87.4,84.2,9.6,B
26,10-A,2,Social Science,85.2,84.2,9.6,B
26,10-A,2,Computer Science,85.9,84.2,9.6,B
26,10-A,3,Mathematics,79.6,67.2,10.3,B
26,10-A,3,Science,81.7,67.2,10.3,B
26,10-A,3,English,82.0,67.2,10.3,B
26,10-A,3,Social Science,70.3,67.2,10.3,C
26,10-A,3,Computer Science,87.3,67.2,10.3,B
27,10-A,1,Mathematics,51.7,54.5,9.1,D
27,10-A,1,Science,55.9,54.5,9.1,D
27,10-A,1,English,64.9,54.5,9.1,C
27,10-A,1,Social Science,75.3,54.5,9.1,B
27,10-A,1,Computer Science,67.5,54.5,9.1,C
27,10-A,2,Mathematics,87.7,83.5,13.5,B
27,10-A,2,Science,80.5,83.5,13.5,B
27,10-A,2,English,84.7,83.5,13.5,B
27,10-A,2,Social Science,75.2,83.5,13.5,B
27,10-A,2,Computer Science,83.0,83.5,13.5,B
27,10-A,3,Mathematics,77.2,86.0,9.7,B
27,10-A,3,Science,85.5,86.0,9.7,B
27,10-A,3,English,79.9,86.0,9.7,B
27,10-A,3,Social Science,75.2,86.0,9.7,B
27,10-A,3,Computer Science,89.9,86.0,9.7,B
28,10-A,1,Mathematics,76.0,91.6,9.5,B
28,10-A,1,Science,83.0,91.6,9.5,B
28,10-A,1,English,79.8,91.6,9.5,B
28,10-A,1,Social Science,75.0,91.6,9.5,B
28,10-A,1,Computer Science,90.3,91.6,9.5,A
28,10-A,2,Mathematics,66.1,81.3,9.5,C
28,10-A,2,Science,77.1,81.3,9.5,B
28,10-A,2,English,80.7,81.3,9.5,B
28,10-A,2,Social Science,78.1,81.3,9.5,B
28,10-A,2,Computer Science,71.8,81.3,9.5,C
28,10-A,3,Mathematics,82.4,79.5,11.6,B
28,10-A,3,Science,79.6,79.5,11.6,B
28,10-A,3,English,88.1,79.5,11.6,B
28,10-A,3,Social Science,91.7,79.5,11.6,A
28,10-A,3,Computer Science,72.6,79.5,11.6,C
29,10-A,1,Mathematics,82.9,85.2,10.0,B
29,10-A,1,Science,82.5,85.2,10.0,B
29,10-A,1,English,82.6,85.2,10.0,B
29,10-A,1,Social Science,81.5,85.2,10.0,B
29,10-A,1,Computer Science,86.4,85.2,10.0,B
29,10-A,2,Mathematics,74.5,75.4,8.1,C
29,10-A,2,Science,83.8,75.4,8.1,B
29,10-A,2,English,76.1,75.4,8.1,B
29,10-A,2,Social Science,75.7,75.4,8.1,B
29,10-A,2,Computer Science,79.2,75.4,8.1,B
29,10-A,3,Mathematics,87.2,95.2,8.4,B
29,10-A,3,Science,75.5,95.2,8.4,B
29,10-A,3,English,76.0,95.2,8.4,B
29,10-A,3,Social Science,84.2,95.2,8.4,B
29,10-A,3,Computer Science,92.1,95.2,8.4,A
30,10-A,1,Mathematics,68.9,66.5,5.8,C
30,10-A,1,Science,66.0,66.5,5.8,C
30,10-A,1,English,65.8,66.5,5.8,C
30,10-A,1,Social Science,80.2,66.5,5.8,B
30,10-A,1,Computer Science,78.9,66.5,5.8,B
30,10-A,2,Mathematics,84.4,87.5,7.4,B
30,10-A,2,Science,79.8,87.5,7.4,B
30,10-A,2,English,92.8,87.5,7.4,A
30,10-A,2,Social Science,79.8,87.5,7.4,B
30,10-A,2,Computer Science,82.1,87.5,7.4,B
30,10-A,3,Mathematics,83.2,85.6,7.0,B
30,10-A,3,Science,83.7,85.6,7.0,B
30,10-A,3,English,81.6,85.6,7.0,B
30,10-A,3,Social Science,86.5,85.6,7.0,B
30,10-A,3,Computer Science,86.0,85.6,7.0,B
31,10-A,1,Mathematics,78.2,75.0,7.1,B
31,10-A,1,Science,87.3,80.1,7.1,B
31,10-A,1,English,90.9,75.0,7.1,A
31,10-A,1,Social Science,78.3,75.0,7.1,B
31,10-A,1,Computer Science,81.2,75.0,7.1,B
31,10-A,2,Mathematics,76.5,97.7,8.4,B
31,10-A,2,Science,86.0,97.7,8.4,B
31,10-A,2,English,93.0,80.1,8.4,A
31,10-A,2,Social Science,84.4,97.7,8.4,B
31,10-A,2,Computer Science,81.5,97.7,8.4,B
31,10-A,3,Mathematics,72.9,69.0,11.1,C
31,10-A,3,Science,79.6,69.0,11.1,B
31,10-A,3,English,86.8,69.0,11.1,B
31,10-A,3,Social Science,75.2,69.0,11.1,B
31,10-A,3,Computer Science,84.5,69.0,11.1,B
32,10-A,1,Mathematics,61.6,71.8,7.2,C
32,10-A,1,Science,77.5,71.8,7.2,B
32,10-A,1,English,75.6,80.1,7.2,B
32,10-A,1,Social Science,70.3,71.8,7.2,C
32,10-A,1,Computer Science,74.6,71.8,7.2,C
32,10-A,2,Mathematics,67.0,79.5,10.7,C
32,10-A,2,Science,73.4,79.5,10.7,C
32,10-A,2,English,82.3,79.5,10.7,B
32,10-A,2,Social Science,98.8,79.5,10.7,A
32,10-A,2,Computer Science,91.3,79.5,10.7,A
32,10-A,3,Mathematics,92.1,81.6,11.0,A
32,10-A,3,Science,81.3,80.1,11.0,B
32,10-A,3,English,85.5,81.6,11.0,B
32,10-A,3,Social Science,94.0,81.6,11.0,A
32,10-A,3,Computer Science,91.7,81.6,11.0,A
33,10-A,1,Mathematics,88.6,75.9,14.1,B
33,10-A,1,Science,84.8,75.9,14.1,B
33,10-A,1,English,90.5,75.9,14.1,A
33,10-A,1,Social Science,73.2,75.9,14.1,C
33,10-A,1,Computer Science,91.2,75.9,14.1,A
33,10-A,2,Mathematics,80.9,80.1,9.9,B
33,10-A,2,Science,77.8,80.1,9.9,B
33,10-A,2,English,74.7,80.1,9.9,C
33,10-A,2,Social Science,86.0,80.1,9.9,B
33,10-A,2,Computer Science,81.4,80.1,9.9,B
33,10-A,3,Mathematics,73.3,79.7,7.1,C
33,10-A,3,Science,64.4,79.7,7.1,C
33,10-A,3,English,90.6,79.7,7.1,A
33,10-A,3,Social Science,83.8,79.7,7.1,B
33,10-A,3,Computer Science,91.0,79.7,7.1,A
34,10-A,1,Mathematics,69.5,83.2,3.6,C
34,10-A,1,Science,70.6,83.2,3.6,C
34,10-A,1,English,79.8,83.2,3.6,B
34,10-A,1,Social Science,82.3,83.2,3.6,B
34,10-A,1,Computer Science,71.8,83.2,3.6,C
34,10-A,2,Mathematics,81.5,87.4,4.8,B
34,10-A,2,Science,82.0,87.4,4.8,B
34,10-A,2,English,85.8,87.4,4.8,B
34,10-A,2,Social Science,86.3,87.4,4.8,B
34,10-A,2,Computer Science,85.5,87.4,4.8,B
34,10-A,3,Mathematics,78.3,78.8,4.5,B
34,10-A,3,Science,92.5,78.8,4.5,A
34,10-A,3,English,76.0,78.8,4.5,B
34,10-A,3,Social Science,93.4,78.8,4.5,A
34,10-A,3,Computer Science,91.7,78.8,4.5,A
35,10-A,1,Mathematics,69.4,93.4,7.5,C
35,10-A,1,Science,71.1,93.4,7.5,C
35,10-A,1,English,78.4,93.4,7.5,B
35,10-A,1,Social Science,74.2,93.4,7.5,C
35,10-A,1,Computer Science,78.3,93.4,7.5,B
35,10-A,2,Mathematics,76.2,69.1,6.8,B
35,10-A,2,Science,65.1,69.1,6.8,C
35,10-A,2,English,69.1,69.1,6.8,C
35,10-A,2,Social Science,72.7,69.1,6.8,C
35,10-A,2,Computer Science,75.8,69.1,6.8,B
35,10-A,3,Mathematics,71.2,69.8,7.6,C
35,10-A,3,Science,70.4,69.8,7.6,C
35,10-A,3,English,74.5,69.8,7.6,C
35,10-A,3,Social Science,82.1,69.8,7.6,B
35,10-A,3,Computer Science,70.7,69.8,7.6,C
36,10-A,1,Mathematics,61.4,74.9,12.5,C
36,10-A,1,Science,72.1,74.9,12.5,C
36,10-A,1,English,78.0,74.9,12.5,B
36,10-A,1,Social Science,84.1,74.9,12.5,B
36,10-A,1,Computer Science,85.8,74.9,12.5,B
36,10-A,2,Mathematics,76.0,95.1,3.6,B
36,10-A,2,Science,72.8,95.1,3.6,C
36,10-A,2,English,75.5,95.1,3.6,B
36,10-A,2,Social Science,81.8,95.1,3.6,B
36,10-A,2,Computer Science,75.0,95.1,3.6,B
36,10-A,3,Mathematics,57.4,61.4,7.5,D
36,10-A,3,Science,65.5,61.4,7.5,C
36,10-A,3,English,76.7,61.4,7.5,B
36,10-A,3,Social Science,75.3,61.4,7.5,B
36,10-A,3,Computer Science,84.9,61.4,7.5,B
37,10-A,1,Mathematics,54.3,64.4,5.6,D
37,10-A,1,Science,55.5,64.4,5.6,D
37,10-A,1,English,70.4,64.4,5.6,C
37,10-A,1,Social Science,62.9,64.4,5.6,C
37,10-A,1,Computer Science,56.9,64.4,5.6,D
37,10-A,2,Mathematics,74.8,87.7,7.9,C
37,10-A,2,Science,76.3,87.7,7.9,B
37,10-A,2,English,84.4,87.7,7.9,B
37,10-A,2,Social Science,79.9,87.7,7.9,B
37,10-A,2,Computer Science,89.0,87.7,7.9,B
37,10-A,3,Mathematics,78.7,86.0,9.7,B
37,10-A,3,Science,70.5,86.0,9.7,C
37,10-A,3,English,83.2,86.0,9.7,B
37,10-A,3,Social Science,81.6,86.0,9.7,B
37,10-A,3,Computer Science,86.4,86.0,9.7,B
38,10-A,1,Mathematics,59.6,94.3,7.6,D
38,10-A,1,Science,59.6,94.3,7.6,D
38,10-A,1,English,73.2,94.3,7.6,C
38,10-A,1,Social Science,73.3,94.3,7.6,C
38,10-A,1,Computer Science,71.6,94.3,7.6,C
38,10-A,2,Mathematics,64.8,79.9,5.7,C
38,10-A,2,Science,60.2,79.9,5.7,C
38,10-A,2,English,69.3,79.9,5.7,C
38,10-A,2,Social Science,74.4,79.9,5.7,C
38,10-A,2,Computer Science,85.9,79.9,5.7,B
38,10-A,3,Mathematics,56.0,69.9,6.5,D
38,10-A,3,Science,68.7,69.9,6.5,C
38,10-A,3,English,62.1,69.9,6.5,C
38,10-A,3,Social Science,65.1,69.9,6.5,C
38,10-A,3,Computer Science,69.8,69.9,6.5,C
39,10-A,1,Mathematics,45.4,69.0,6.1,D
39,10-A,1,Science,52.4,69.0,6.1,D
39,10-A,1,English,63.6,69.0,6.1,C
39,10-A,1,Social Science,65.9,69.0,6.1,C
39,10-A,1,Computer Science,65.9,69.0,6.1,C
39,10-A,2,Mathematics,62.7,61.8,6.4,C
39,10-A,2,Science,64.3,61.8,6.4,C
39,10-A,2,English,65.5,61.8,6.4,C
39,10-A,2,Social Science,59.6,61.8,6.4,D
39,10-A,2,Computer Science,70.7,61.8,6.4,C
39,10-A,3,Mathematics,57.5,74.7,4.6,D
39,10-A,3,Science,74.0,74.7,4.6,C
39,10-A,3,English,71.6,74.7,4.6,C
39,10-A,3,Social Science,76.2,74.7,4.6,B
39,10-A,3,Computer Science,68.4,74.7,4.6,C
40,10-A,1,Mathematics,87.1,75.4,8.0,B
40,10-A,1,Science,79.8,75.4,8.0,B
40,10-A,1,English,77.2,75.4,8.0,B
40,10-A,1,Social Science,78.7,75.4,8.0,B
40,10-A,1,Computer Science,83.1,75.4,8.0,B
40,10-A,2,Mathematics,69.6,94.5,7.3,C
40,10-A,2,Science,81.4,94.5,7.3,B
40,10-A,2,English,88.1,94.5,7.3,B
40,10-A,2,Social Science,87.7,94.5,7.3,B
40,10-A,2,Computer Science,96.9,94.5,7.3,A
40,10-A,3,Mathematics,77.7,86.6,11.5,B
40,10-A,3,Science,92.5,86.6,11.5,A
40,10-A,3,English,100.0,86.6,11.5,A
40,10-A,3,Social Science,95.9,86.6,11.5,A
40,10-A,3,Computer Science,94.8,86.6,11.5,A
41,10-B,1,Mathematics,69.3,98.1,5.3,C
41,10-B,1,Science,75.7,98.1,5.3,B
41,10-B,1,English,82.4,98.1,5.3,B
41,10-B,1,Social Science,74.3,98.1,5.3,C
41,10-B,1,Computer Science,80.8,98.1,5.3,B
41,10-B,2,Mathematics,68.4,78.5,8.7,C
41,10-B,2,Science,65.4,78.5,8.7,C
41,10-B,2,English,77.1,78.5,8.7,B
41,10-B,2,Social Science,81.5,78.5,8.7,B
41,10-B,2,Computer Science,72.4,78.5,8.7,C
41,10-B,3,Mathematics,67.6,79.8,10.7,C
41,10-B,3,Science,78.1,79.8,10.7,B
41,10-B,3,English,75.7,79.8,10.7,B
41,10-B,3,Social Science,87.8,79.8,10.7,B
41,10-B,3,Computer Science,96.9,79.8,10.7,A
42,10-B,1,Mathematics,67.6,80.8,11.2,C
42,10-B,1,Science,84.0,80.8,11.2,B
42,10-B,1,English,97.7,80.8,11.2,A
42,10-B,1,Social Science,79.5,80.8,11.2,B
42,10-B,1,Computer Science,95.7,80.8,11.2,A
42,10-B,2,Mathematics,87.2,83.5,13.5,B
42,10-B,2,Science,85.1,83.5,13.5,B
42,10-B,2,English,95.8,83.5,13.5,A
42,10-B,2,Social Science,97.5,83.5,13.5,A
42,10-B,2,Computer Science,95.3,83.5,13.5,A
42,10-B,3,Mathematics,70.9,89.9,8.0,C
42,10-B,3,Science,92.1,89.9,8.0,A
42,10-B,3,English,95.9,89.9,8.0,A
42,10-B,3,Social Science,91.6,89.9,8.0,A
42,10-B,3,Computer Science,93.1,89.9,8.0,A
43,10-B,1,Mathematics,67.2,77.0,6.4,C
43,10-B,1,Science,78.4,77.0,6.4,B
43,10-B,1,English,68.0,77.0,6.4,C
43,10-B,1,Social Science,82.5,77.0,6.4,B
43,10-B,1,Computer Science,73.5,77.0,6.4,C
43,10-B,2,Mathematics,75.3,71.5,12.6,B
43,10-B,2,Science,71.0,71.5,12.6,C
43,10-B,2,English,81.7,71.5,12.6,B
43,10-B,2,Social Science,88.4,71.5,12.6,B
43,10-B,2,Computer Science,92.0,71.5,12.6,A
43,10-B,3,Mathematics,82.1,79.3,10.3,B
43,10-B,3,Science,77.0,79.3,10.3,B
43,10-B,3,English,88.0,79.3,10.3,B
43,10-B,3,Social Science,84.6,79.3,10.3,B
43,10-B,3,Computer Science,77.3,79.3,10.3,B
44,10-B,1,Mathematics,60.0,79.9,7.8,C
44,10-B,1,Science,63.9,79.9,7.8,C
44,10-B,1,English,78.1,79.9,7.8,B
44,10-B,1,Social Science,71.7,79.9,7.8,C
44,10-B,1,Computer Science,77.7,79.9,7.8,B
44,10-B,2,Mathematics,85.7,92.3,9.8,B
44,10-B,2,Science,70.2,92.3,9.8,C
44,10-B,2,English,85.0,92.3,9.8,B
44,10-B,2,Social Science,77.2,92.3,9.8,B
44,10-B,2,Computer Science,92.3,92.3,9.8,A
44,10-B,3,Mathematics,61.6,98.3,2.5,C
44,10-B,3,Science,74.4,98.3,2.5,C
44,10-B,3,English,80.2,98.3,2.5,B
44,10-B,3,Social Science,78.8,98.3,2.5,B
44,10-B,3,Computer Science,76.0,98.3,2.5,B
45,10-B,1,Mathematics,77.1,87.2,8.0,B
45,10-B,1,Science,60.3,87.2,8.0,C
45,10-B,1,English,82.7,87.2,8.0,B
45,10-B,1,Social Science,71.7,87.2,8.0,C
45,10-B,1,Computer Science,85.6,87.2,8.0,B
45,10-B,2,Mathematics,69.8,79.4,5.9,C
45,10-B,2,Science,65.1,79.4,5.9,C
45,10-B,2,English,70.1,79.4,5.9,C
45,10-B,2,Social Science,65.2,79.4,5.9,C
45,10-B,2,Computer Science,76.4,79.4,5.9,B
45,10-B,3,Mathematics,78.9,87.7,11.9,B
45,10-B,3,Science,89.0,87.7,11.9,B
45,10-B,3,English,87.8,87.7,11.9,B
45,10-B,3,Social Science,75.2,81.7,11.9,B
45,10-B,3,Computer Science,92.2,87.7,11.9,A
46,10-B,1,Mathematics,69.5,78.2,7.8,C
46,10-B,1,Science,74.0,78.2,7.8,C
46,10-B,1,English,73.1,78.2,7.8,C
46,10-B,1,Social Science,83.7,78.2,7.8,B
46,10-B,1,Computer Science,77.1,78.2,7.8,B
46,10-B,2,Mathematics,76.1,87.2,6.4,B
46,10-B,2,Science,79.3,87.2,6.4,B
46,10-B,2,English,79.4,87.2,6.4,B
46,10-B,2,Social Science,93.1,87.2,6.4,A
46,10-B,2,Computer Science,85.2,87.2,6.4,B
46,10-B,3,Mathematics,83.2,100.0,12.0,B
46,10-B,3,Science,87.9,100.0,12.0,B
46,10-B,3,English,97.8,81.7,12.0,A
46,10-B,3,Social Science,94.6,100.0,12.0,A
46,10-B,3,Computer Science,96.5,100.0,12.0,A
47,10-B,1,Mathematics,43.9,61.5,7.2,D
47,10-B,1,Science,62.4,61.5,7.2,C
47,10-B,1,English,60.8,61.5,7.2,C
47,10-B,1,Social Science,59.9,61.5,7.2,D
47,10-B,1,Computer Science,64.9,61.5,7.2,C
47,10-B,2,Mathematics,52.4,81.7,3.9,D
47,10-B,2,Science,59.5,83.3,3.9,D
47,10-B,2,English,58.6,83.3,3.9,D
47,10-B,2,Social Science,64.1,83.3,3.9,C
47,10-B,2,Computer Science,81.4,83.3,3.9,B
47,10-B,3,Mathematics,60.2,71.0,10.4,C
47,10-B,3,Science,73.2,71.0,10.4,C
47,10-B,3,English,74.5,71.0,10.4,C
47,10-B,3,Social Science,75.1,71.0,10.4,B
47,10-B,3,Computer Science,80.8,71.0,10.4,B
48,10-B,1,Mathematics,72.1,84.6,9.3,C
48,10-B,1,Science,84.5,84.6,9.3,B
48,10-B,1,English,84.5,84.6,9.3,B
48,10-B,1,Social Science,90.0,84.6,9.3,A
48,10-B,1,Computer Science,86.7,84.6,9.3,B
48,10-B,2,Mathematics,76.4,100.0,3.2,B
48,10-B,2,Science,70.5,100.0,3.2,C
48,10-B,2,English,84.1,100.0,3.2,B
48,10-B,2,Social Science,80.4,100.0,3.2,B
48,10-B,2,Computer Science,85.6,100.0,3.2,B
48,10-B,3,Mathematics,92.5,70.8,9.8,A
48,10-B,3,Science,87.7,70.8,9.8,B
48,10-B,3,English,79.2,70.8,9.8,B
48,10-B,3,Social Science,79.6,70.8,9.8,B
48,10-B,3,Computer Science,84.4,70.8,9.8,B
49,10-B,1,Mathematics,67.6,73.3,6.4,C
49,10-B,1,Science,75.1,73.3,6.4,B
49,10-B,1,English,72.6,73.3,6.4,C
49,10-B,1,Social Science,67.2,73.3,6.4,C
49,10-B,1,Computer Science,66.6,73.3,6.4,C
49,10-B,2,Mathematics,69.0,75.5,2.1,C
49,10-B,2,Science,63.7,75.5,2.1,C
49,10-B,2,English,75.4,75.5,2.1,B
49,10-B,2,Social Science,82.7,75.5,2.1,B
49,10-B,2,Computer Science,80.5,75.5,2.1,B
49,10-B,3,Mathematics,83.7,72.0,11.7,B
49,10-B,3,Science,75.3,72.0,11.7,B
49,10-B,3,English,79.1,72.0,11.7,B
49,10-B,3,Social Science,83.1,72.0,11.7,B
49,10-B,3,Computer Science,76.2,72.0,11.7,B
50,10-B,1,Mathematics,61.1,58.2,5.4,C
50,10-B,1,Science,64.3,58.2,5.4,C
50,10-B,1,English,71.7,58.2,5.4,C
50,10-B,1,Social Science,71.3,58.2,5.4,C
50,10-B,1,Computer Science,70.4,58.2,5.4,C
50,10-B,2,Mathematics,74.1,94.6,2.6,C
50,10-B,2,Science,72.8,94.6,2.6,C
50,10-B,2,English,76.0,94.6,2.6,B
50,10-B,2,Social Science,82.4,94.6,2.6,B
50,10-B,2,Computer Science,77.6,94.6,2.6,B
50,10-B,3,Mathematics,83.2,77.8,11.7,B
50,10-B,3,Science,80.1,77.8,11.7,B
50,10-B,3,English,100.0,77.8,11.7,A
50,10-B,3,Social Science,100.0,77.8,11.7,A
50,10-B,3,Computer Science,81.4,77.8,11.7,B
51,10-B,1,Mathematics,78.9,100.0,10.5,B
51,10-B,1,Science,79.4,100.0,10.5,B
51,10-B,1,English,82.4,100.0,10.5,B
51,10-B,1,Social Science,83.3,100.0,10.5,B
51,10-B,1,Computer Science,83.3,100.0,10.5,B
51,10-B,2,Mathematics,69.2,88.9,7.3,C
51,10-B,2,Science,67.6,88.9,7.3,C
51,10-B,2,English,79.5,88.9,7.3,B
51,10-B,2,Social Science,73.5,88.9,7.3,C
51,10-B,2,Computer Science,79.7,88.9,7.3,B
51,10-B,3,Mathematics,81.4,92.9,9.8,B
51,10-B,3,Science,83.5,92.9,9.8,B
51,10-B,3,English,86.7,92.9,9.8,B
51,10-B,3,Social Science,84.6,92.9,9.8,B
51,10-B,3,Computer Science,85.5,92.9,9.8,B
52,10-B,1,Mathematics,72.0,70.3,12.4,C
52,10-B,1,Science,70.3,70.3,12.4,C
52,10-B,1,English,76.8,70.3,12.4,B
52,10-B,1,Social Science,74.7,70.3,12.4,C
52,10-B,1,Computer Science,81.7,81.7,12.4,B
52,10-B,2,Mathematics,70.4,75.0,12.1,C
52,10-B,2,Science,64.4,75.0,12.1,C
52,10-B,2,English,76.0,75.0,12.1,B
52,10-B,2,Social Science,70.0,75.0,12.1,C
52,10-B,2,Computer Science,83.8,75.0,12.1,B
52,10-B,3,Mathematics,74.2,93.7,10.9,C
52,10-B,3,Science,80.6,93.7,10.9,B
52,10-B,3,English,100.0,93.7,10.9,A
52,10-B,3,Social Science,91.1,93.7,10.9,A
52,10-B,3,Computer Science,91.2,93.7,10.9,A
53,10-B,1,Mathematics,84.5,100.0,12.4,B
53,10-B,1,Science,88.8,100.0,12.4,B
53,10-B,1,English,95.4,100.0,12.4,A
53,10-B,1,Social Science,87.0,100.0,12.4,B
53,10-B,1,Computer Science,86.3,100.0,12.4,B
53,10-B,2,Mathematics,71.7,83.1,6.0,C
53,10-B,2,Science,75.6,83.1,6.0,B
53,10-B,2,English,94.1,83.1,6.0,A
53,10-B,2,Social Science,73.9,83.1,6.0,C
53,10-B,2,Computer Science,80.3,83.1,6.0,B
53,10-B,3,Mathematics,85.3,81.9,10.4,B
53,10-B,3,Science,79.0,81.9,10.4,B
53,10-B,3,English,82.1,81.9,10.4,B
53,10-B,3,Social Science,76.1,81.9,10.4,B
53,10-B,3,Computer Science,82.4,81.9,10.4,B
54,10-B,1,Mathematics,63.7,81.3,5.2,C
54,10-B,1,Science,69.1,81.3,5.2,C
54,10-B,1,English,76.9,81.3,5.2,B
54,10-B,1,Social Science,69.3,81.3,5.2,C
54,10-B,1,Computer Science,73.4,81.3,5.2,C
54,10-B,2,Mathematics,71.3,63.6,5.1,C
54,10-B,2,Science,51.5,63.6,5.1,D
54,10-B,2,English,67.6,63.6,5.1,C
54,10-B,2,Social Science,69.9,78.6,5.1,C
54,10-B,2,Computer Science,68.3,63.6,5.1,C
54,10-B,3,Mathematics,71.7,74.7,8.7,C
54,10-B,3,Science,74.3,74.7,8.7,C
54,10-B,3,English,68.5,74.7,8.7,C
54,10-B,3,Social Science,77.9,74.7,8.7,B
54,10-B,3,Computer Science,75.6,74.7,8.7,B
55,10-B,1,Mathematics,71.2,81.7,9.6,C
55,10-B,1,Science,65.9,81.4,9.6,C
55,10-B,1,English,79.4,81.4,9.6,B
55,10-B,1,Social Science,79.9,81.4,9.6,B
55,10-B,1,Computer Science,81.7,81.4,9.6,B
55,10-B,2,Mathematics,68.8,94.1,7.6,C
55,10-B,2,Science,77.7,94.1,7.6,B
55,10-B,2,English,69.6,81.7,7.6,C
55,10-B,2,Social Science,78.1,94.1,7.6,B
55,10-B,2,Computer Science,75.6,94.1,7.6,B
55,10-B,3,Mathematics,55.3,77.5,3.1,D
55,10-B,3,Science,63.5,77.5,3.1,C
55,10-B,3,English,73.9,77.5,3.1,C
55,10-B,3,Social Science,73.5,77.5,3.1,C
55,10-B,3,Computer Science,69.1,77.5,3.1,C
56,10-B,1,Mathematics,62.0,71.4,9.1,C
56,10-B,1,Science,70.1,71.4,9.1,C
56,10-B,1,English,82.0,71.4,9.1,B
56,10-B,1,Social Science,70.3,71.4,9.1,C
56,10-B,1,Computer Science,63.5,86.4,9.1,C
56,10-B,2,Mathematics,52.2,72.1,3.8,D
56,10-B,2,Science,70.2,72.1,3.8,C
56,10-B,2,English,68.7,72.1,3.8,C
56,10-B,2,Social Science,57.3,72.1,3.8,D
56,10-B,2,Computer Science,72.3,72.1,3.8,C
56,10-B,3,Mathematics,69.4,94.3,7.4,C
56,10-B,3,Science,74.5,94.3,7.4,C
56,10-B,3,English,83.2,94.3,7.4,B
56,10-B,3,Social Science,84.3,94.3,7.4,B
56,10-B,3,Computer Science,89.6,94.3,7.4,B
57,10-B,1,Mathematics,86.5,93.7,12.7,B
57,10-B,1,Science,76.4,93.7,12.7,B
57,10-B,1,English,89.8,93.7,12.7,B
57,10-B,1,Social Science,91.5,93.7,12.7,A
57,10-B,1,Computer Science,89.3,93.7,12.7,B
57,10-B,2,Mathematics,72.6,91.9,7.8,C
57,10-B,2,Science,89.8,91.9,7.8,B
57,10-B,2,English,90.1,91.9,7.8,A
57,10-B,2,Social Science,86.4,91.9,7.8,B
57,10-B,2,Computer Science,92.7,91.9,7.8,A
57,10-B,3,Mathematics,69.1,94.4,10.2,C
57,10-B,3,Science,82.8,94.4,10.2,B
57,10-B,3,English,89.2,94.4,10.2,B
57,10-B,3,Social Science,85.0,94.4,10.2,B
57,10-B,3,Computer Science,94.1,94.4,10.2,A
58,10-B,1,Mathematics,79.8,76.9,5.2,B
58,10-B,1,Science,67.9,76.9,5.2,C
58,10-B,1,English,68.2,76.9,5.2,C
58,10-B,1,Social Science,76.0,76.9,5.2,B
58,10-B,1,Computer Science,79.2,76.9,5.2,B
58,10-B,2,Mathematics,73.6,75.7,11.3,C
58,10-B,2,Science,74.0,75.7,11.3,C
58,10-B,2,English,85.6,81.7,11.3,B
58,10-B,2,Social Science,88.1,75.7,11.3,B
58,10-B,2,Computer Science,81.7,75.7,11.3,B
58,10-B,3,Mathematics,96.6,87.1,8.9,A
58,10-B,3,Science,78.4,87.1,8.9,B
58,10-B,3,English,95.9,87.1,8.9,A
58,10-B,3,Social Science,86.3,87.1,8.9,B
58,10-B,3,Computer Science,87.9,87.1,8.9,B
59,10-B,1,Mathematics,80.2,90.0,12.2,B
59,10-B,1,Science,77.6,90.0,12.2,B
59,10-B,1,English,83.0,90.0,12.2,B
59,10-B,1,Social Science,88.3,90.0,12.2,B
59,10-B,1,Computer Science,90.7,90.0,12.2,A
59,10-B,2,Mathematics,86.0,96.1,9.9,B
59,10-B,2,Science,91.7,81.7,9.9,A
59,10-B,2,English,88.6,96.1,9.9,B
59,10-B,2,Social Science,77.7,96.1,9.9,B
59,10-B,2,Computer Science,81.6,96.1,9.9,B
59,10-B,3,Mathematics,71.6,68.7,13.7,C
59,10-B,3,Science,87.0,68.7,13.7,B
59,10-B,3,English,88.2,68.7,13.7,B
59,10-B,3,Social Science,93.9,68.7,13.7,A
59,10-B,3,Computer Science,91.7,68.7,13.7,A
60,10-B,1,Mathematics,66.1,77.8,8.2,C
60,10-B,1,Science,64.9,77.8,8.2,C
60,10-B,1,English,72.9,77.8,8.2,C
60,10-B,1,Social Science,81.7,77.8,8.2,B
60,10-B,1,Computer Science,63.9,77.8,8.2,C
60,10-B,2,Mathematics,66.9,83.4,5.5,C
60,10-B,2,Science,73.9,83.4,5.5,C
60,10-B,2,English,73.5,83.4,5.5,C
60,10-B,2,Social Science,77.5,83.4,5.5,B
60,10-B,2,Computer Science,65.3,83.4,5.5,C
60,10-B,3,Mathematics,76.3,92.9,6.7,B
60,10-B,3,Science,76.7,92.9,6.7,B
60,10-B,3,English,65.1,92.9,6.7,C
60,10-B,3,Social Science,75.1,92.9,6.7,B
60,10-B,3,Computer Science,82.9,92.9,6.7,B
61,10-B,1,Mathematics,69.1,85.2,9.6,C
61,10-B,1,Science,89.1,85.2,9.6,B
61,10-B,1,English,96.4,85.2,9.6,A
61,10-B,1,Social Science,84.7,85.2,9.6,B
61,10-B,1,Computer Science,85.2,85.2,9.6,B
61,10-B,2,Mathematics,92.1,67.1,11.7,A
61,10-B,2,Science,83.1,67.1,11.7,B
61,10-B,2,English,91.4,67.1,11.7,A
61,10-B,2,Social Science,86.1,67.1,11.7,B
61,10-B,2,Computer Science,78.9,67.1,11.7,B
61,10-B,3,Mathematics,80.0,97.7,5.7,B
61,10-B,3,Science,85.9,97.7,5.7,B
61,10-B,3,English,94.6,97.7,5.7,A
61,10-B,3,Social Science,90.8,97.7,5.7,A
61,10-B,3,Computer Science,92.6,97.7,5.7,A
62,10-B,1,Mathematics,67.6,66.0,7.8,C
62,10-B,1,Science,52.3,81.7,7.8,D
62,10-B,1,English,57.5,66.0,7.8,D
62,10-B,1,Social Science,61.2,66.0,7.8,C
62,10-B,1,Computer Science,77.3,66.0,7.8,B
62,10-B,2,Mathematics,67.6,66.4,3.0,C
62,10-B,2,Science,59.0,66.4,3.0,D
62,10-B,2,English,73.6,66.4,3.0,C
62,10-B,2,Social Science,51.6,66.4,3.0,D
62,10-B,2,Computer Science,58.5,66.4,3.0,D
62,10-B,3,Mathematics,67.3,90.0,7.6,C
62,10-B,3,Science,82.5,90.0,7.6,B
62,10-B,3,English,75.2,90.0,7.6,B
62,10-B,3,Social Science,69.3,90.0,7.6,C
62,10-B,3,Computer Science,70.4,90.0,7.6,C
63,10-B,1,Mathematics,58.4,83.6,4.1,D
63,10-B,1,Science,70.5,83.6,4.1,C
63,10-B,1,English,75.7,83.6,4.1,B
63,10-B,1,Social Science,67.4,83.6,4.1,C
63,10-B,1,Computer Science,77.0,83.6,4.1,B
63,10-B,2,Mathematics,64.6,87.2,3.1,C
63,10-B,2,Science,71.9,87.2,3.1,C
63,10-B,2,English,71.0,87.2,3.1,C
63,10-B,2,Social Science,60.6,87.2,3.1,C
63,10-B,2,Computer Science,73.8,81.7,3.1,C
63,10-B,3,Mathematics,68.8,90.0,13.5,C
63,10-B,3,Science,100.0,90.0,13.5,A
63,10-B,3,English,83.1,90.0,13.5,B
63,10-B,3,Social Science,94.6,90.0,13.5,A
63,10-B,3,Computer Science,98.3,90.0,13.5,A
64,10-B,1,Mathematics,72.2,83.0,5.0,C
64,10-B,1,Science,67.2,83.0,5.0,C
64,10-B,1,English,61.3,83.0,5.0,C
64,10-B,1,Social Science,92.4,83.0,5.0,A
64,10-B,1,Computer Science,81.7,83.0,5.0,B
64,10-B,2,Mathematics,86.5,100.0,6.1,B
64,10-B,2,Science,90.2,100.0,6.1,A
64,10-B,2,English,95.0,100.0,6.1,A
64,10-B,2,Social Science,84.6,100.0,6.1,B
64,10-B,2,Computer Science,79.5,100.0,6.1,B
64,10-B,3,Mathematics,58.8,81.7,2.5,D
64,10-B,3,Science,72.5,81.7,2.5,C
64,10-B,3,English,71.0,81.7,2.5,C
64,10-B,3,Social Science,75.0,81.7,2.5,B
64,10-B,3,Computer Science,77.3,81.7,2.5,B
65,10-B,1,Mathematics,89.6,95.9,8.8,B
65,10-B,1,Science,80.6,95.9,8.8,B
65,10-B,1,English,88.3,95.9,8.8,B
65,10-B,1,Social Science,94.8,95.9,8.8,A
65,10-B,1,Computer Science,83.9,95.9,8.8,B
65,10-B,2,Mathematics,75.6,81.1,5.3,B
65,10-B,2,Science,87.7,81.1,5.3,B
65,10-B,2,English,78.4,81.1,5.3,B
65,10-B,2,Social Science,83.3,81.1,5.3,B
65,10-B,2,Computer Science,78.5,81.1,5.3,B
65,10-B,3,Mathematics,83.6,73.4,5.9,B
65,10-B,3,Science,92.0,73.4,5.9,A
65,10-B,3,English,85.8,73.4,5.9,B
65,10-B,3,Social Science,77.6,73.4,5.9,B
65,10-B,3,Computer Science,88.1,73.4,5.9,B
66,10-B,1,Mathematics,69.6,87.5,8.7,C
66,10-B,1,Science,74.5,87.5,8.7,C
66,10-B,1,English,72.4,81.7,8.7,C
66,10-B,1,Social Science,72.5,87.5,8.7,C
66,10-B,1,Computer Science,66.6,87.5,8.7,C
66,10-B,2,Mathematics,59.2,76.1,3.9,D
66,10-B,2,Science,57.3,76.1,3.9,D
66,10-B,2,English,68.7,76.1,3.9,C
66,10-B,2,Social Science,69.8,81.7,3.9,C
66,10-B,2,Computer Science,60.6,76.1,3.9,C
66,10-B,3,Mathematics,67.7,73.4,5.6,C
66,10-B,3,Science,76.5,73.4,5.6,B
66,10-B,3,English,76.3,73.4,5.6,B
66,10-B,3,Social Science,68.1,73.4,5.6,C
66,10-B,3,Computer Science,81.0,73.4,5.6,B
67,10-B,1,Mathematics,43.0,92.7,5.3,D
67,10-B,1,Science,78.6,92.7,5.3,B
67,10-B,1,English,77.2,92.7,5.3,B
67,10-B,1,Social Science,60.5,92.7,5.3,C
67,10-B,1,Computer Science,69.7,92.7,5.3,C
67,10-B,2,Mathematics,50.3,76.6,7.8,D
67,10-B,2,Science,58.1,76.6,7.8,D
67,10-B,2,English,70.0,76.6,7.8,C
67,10-B,2,Social Science,67.5,76.6,7.8,C
67,10-B,2,Computer Science,75.3,76.6,7.8,B
67,10-B,3,Mathematics,66.7,80.5,14.9,C
67,10-B,3,Science,75.5,80.5,14.9,B
67,10-B,3,English,67.5,80.5,14.9,C
67,10-B,3,Social Science,70.5,80.5,14.9,C
67,10-B,3,Computer Science,88.0,80.5,14.9,B
68,10-B,1,Mathematics,55.7,83.9,7.3,D
68,10-B,1,Science,62.9,83.9,7.3,C
68,10-B,1,English,66.9,83.9,7.3,C
68,10-B,1,Social Science,66.0,83.9,7.3,C
68,10-B,1,Computer Science,75.5,83.9,7.3,B
68,10-B,2,Mathematics,57.8,86.1,6.1,D
68,10-B,2,Science,67.9,86.1,6.1,C
68,10-B,2,English,70.6,86.1,6.1,C
68,10-B,2,Social Science,76.4,86.1,6.1,B
68,10-B,2,Computer Science,88.2,86.1,6.1,B
68,10-B,3,Mathematics,67.5,89.0,8.0,C
68,10-B,3,Science,66.4,89.0,8.0,C
68,10-B,3,English,71.1,89.0,8.0,C
68,10-B,3,Social Science,69.6,89.0,8.0,C
68,10-B,3,Computer Science,75.2,89.0,8.0,B
69,10-B,1,Mathematics,63.5,86.8,6.6,C
69,10-B,1,Science,60.3,86.8,6.6,C
69,10-B,1,English,82.5,86.8,6.6,B
69,10-B,1,Social Science,74.7,86.8,6.6,C
69,10-B,1,Computer Science,84.4,86.8,6.6,B
69,10-B,2,Mathematics,72.9,88.3,12.6,C
69,10-B,2,Science,81.6,88.3,12.6,B
69,10-B,2,English,98.6,88.3,12.6,A
69,10-B,2,Social Science,74.0,88.3,12.6,C
69,10-B,2,Computer Science,90.4,88.3,12.6,A
69,10-B,3,Mathematics,81.0,98.3,9.6,B
69,10-B,3,Science,87.0,98.3,9.6,B
69,10-B,3,English,80.3,98.3,9.6,B
69,10-B,3,Social Science,85.9,98.3,9.6,B
69,10-B,3,Computer Science,80.0,98.3,9.6,B
70,10-B,1,Mathematics,60.0,72.6,7.2,C
70,10-B,1,Science,64.9,72.6,7.2,C
70,10-B,1,English,58.4,72.6,7.2,D
70,10-B,1,Social Science,78.3,72.6,7.2,B
70,10-B,1,Computer Science,75.2,72.6,7.2,B
70,10-B,2,Mathematics,65.3,87.4,6.9,C
70,10-B,2,Science,72.2,87.4,6.9,C
70,10-B,2,English,76.4,87.4,6.9,B
70,10-B,2,Social Science,62.5,87.4,6.9,C
70,10-B,2,Computer Science,79.4,81.7,6.9,B
70,10-B,3,Mathematics,73.3,100.0,2.6,C
70,10-B,3,Science,72.4,100.0,2.6,C
70,10-B,3,English,74.4,100.0,2.6,C
70,10-B,3,Social Science,82.6,100.0,2.6,B
70,10-B,3,Computer Science,68.9,100.0,2.6,C
71,10-B,1,Mathematics,69.1,95.3,7.5,C
71,10-B,1,Science,75.4,95.3,7.5,B
71,10-B,1,English,76.0,95.3,7.5,B
71,10-B,1,Social Science,88.2,95.3,7.5,B
71,10-B,1,Computer Science,75.1,95.3,7.5,B
71,10-B,2,Mathematics,72.5,90.2,4.5,C
71,10-B,2,Science,70.7,81.7,4.5,C
71,10-B,2,English,76.0,90.2,4.5,B
71,10-B,2,Social Science,75.3,90.2,4.5,B
71,10-B,2,Computer Science,70.8,90.2,4.5,C
71,10-B,3,Mathematics,69.7,77.7,13.4,C
71,10-B,3,Science,73.1,77.7,13.4,C
71,10-B,3,English,93.5,77.7,13.4,A
71,10-B,3,Social Science,84.4,77.7,13.4,B
71,10-B,3,Computer Science,95.1,77.7,13.4,A
72,10-B,1,Mathematics,72.3,71.4,8.0,C
72,10-B,1,Science,73.5,71.4,8.0,C
72,10-B,1,English,72.7,71.4,8.0,C
72,10-B,1,Social Science,72.0,71.4,8.0,C
72,10-B,1,Computer Science,73.0,71.4,8.0,C
72,10-B,2,Mathematics,76.0,75.6,14.4,B
72,10-B,2,Science,71.9,75.6,14.4,C
72,10-B,2,English,81.0,75.6,14.4,B
72,10-B,2,Social Science,87.4,75.6,14.4,B
72,10-B,2,Computer Science,88.9,75.6,14.4,B
72,10-B,3,Mathematics,70.7,81.1,6.7,C
72,10-B,3,Science,63.3,81.1,6.7,C
72,10-B,3,English,70.6,81.1,6.7,C
72,10-B,3,Social Science,82.5,81.1,6.7,B
72,10-B,3,Computer Science,76.6,81.1,6.7,B
73,10-B,1,Mathematics,75.4,93.1,10.2,B
73,10-B,1,Science,91.4,93.1,10.2,A
73,10-B,1,English,87.4,93.1,10.2,B
73,10-B,1,Social Science,80.1,93.1,10.2,B
73,10-B,1,Computer Science,88.8,93.1,10.2,B
73,10-B,2,Mathematics,69.9,81.7,5.9,C
73,10-B,2,Science,71.5,85.8,5.9,C
73,10-B,2,English,65.3,85.8,5.9,C
73,10-B,2,Social Science,75.4,85.8,5.9,B
73,10-B,2,Computer Science,77.3,85.8,5.9,B
73,10-B,3,Mathematics,64.0,78.1,3.7,C
73,10-B,3,Science,69.0,78.1,3.7,C
73,10-B,3,English,74.8,78.1,3.7,C
73,10-B,3,Social Science,66.2,78.1,3.7,C
73,10-B,3,Computer Science,79.1,78.1,3.7,B
74,10-B,1,Mathematics,58.2,75.8,11.4,D
74,10-B,1,Science,62.3,75.8,11.4,C
74,10-B,1,English,77.1,75.8,11.4,B
74,10-B,1,Social Science,67.1,75.8,11.4,C
74,10-B,1,Computer Science,69.6,75.8,11.4,C
74,10-B,2,Mathematics,52.2,81.4,10.9,D
74,10-B,2,Science,63.7,81.4,10.9,C
74,10-B,2,English,67.6,81.4,10.9,C
74,10-B,2,Social Science,66.1,81.4,10.9,C
74,10-B,2,Computer Science,69.6,81.4,10.9,C
74,10-B,3,Mathematics,56.5,71.5,8.9,D
74,10-B,3,Science,65.7,71.5,8.9,C
74,10-B,3,English,72.4,71.5,8.9,C
74,10-B,3,Social Science,64.5,71.5,8.9,C
74,10-B,3,Computer Science,71.8,71.5,8.9,C
75,10-B,1,Mathematics,74.8,85.8,6.9,C
75,10-B,1,Science,72.6,85.8,6.9,C
75,10-B,1,English,84.8,85.8,6.9,B
75,10-B,1,Social Science,87.5,85.8,6.9,B
75,10-B,1,Computer Science,79.2,85.8,6.9,B
75,10-B,2,Mathematics,79.4,81.4,12.6,B
75,10-B,2,Science,86.6,81.4,12.6,B
75,10-B,2,English,84.2,81.4,12.6,B
75,10-B,2,Social Science,84.4,81.4,12.6,B
75,10-B,2,Computer Science,88.3,81.4,12.6,B
75,10-B,3,Mathematics,82.6,100.0,8.2,B
75,10-B,3,Science,85.4,100.0,8.2,B
75,10-B,3,English,92.7,100.0,8.2,A
75,10-B,3,Social Science,96.7,100.0,8.2,A
75,10-B,3,Computer Science,95.9,100.0,8.2,A
76,10-B,1,Mathematics,86.3,85.2,13.4,B
76,10-B,1,Science,91.3,85.2,13.4,A
76,10-B,1,English,84.0,85.2,13.4,B
76,10-B,1,Social Science,90.9,85.2,13.4,A
76,10-B,1,Computer Science,93.2,85.2,13.4,A
76,10-B,2,Mathematics,78.1,81.7,2.9,B
76,10-B,2,Science,73.5,81.7,2.9,C
76,10-B,2,English,78.2,81.7,2.9,B
76,10-B,2,Social Science,78.3,81.7,2.9,B
76,10-B,2,Computer Science,80.4,81.7,2.9,B
76,10-B,3,Mathematics,75.4,89.2,5.8,B
76,10-B,3,Science,85.7,89.2,5.8,B
76,10-B,3,English,89.8,89.2,5.8,B
76,10-B,3,Social Science,85.7,89.2,5.8,B
76,10-B,3,Computer Science,86.5,89.2,5.8,B
77,10-B,1,Mathematics,58.7,78.2,11.1,D
77,10-B,1,Science,77.2,78.2,11.1,B
77,10-B,1,English,78.1,78.2,11.1,B
77,10-B,1,Social Science,69.3,78.2,11.1,C
77,10-B,1,Computer Science,78.7,78.2,11.1,B
77,10-B,2,Mathematics,44.6,65.1,2.7,D
77,10-B,2,Science,52.9,65.1,2.7,D
77,10-B,2,English,76.0,65.1,2.7,B
77,10-B,2,Social Science,56.2,65.1,2.7,D
77,10-B,2,Computer Science,61.9,65.1,2.7,C
77,10-B,3,Mathematics,52.2,59.4,9.7,D
77,10-B,3,Science,59.8,59.4,9.7,D
77,10-B,3,English,66.2,59.4,9.7,C
77,10-B,3,Social Science,60.8,59.4,9.7,C
77,10-B,3,Computer Science,61.5,59.4,9.7,C
78,10-B,1,Mathematics,65.4,78.4,9.3,C
78,10-B,1,Science,59.1,78.4,9.3,D
78,10-B,1,English,65.3,78.4,9.3,C
78,10-B,1,Social Science,63.5,78.4,9.3,C
78,10-B,1,Computer Science,73.7,78.4,9.3,C
78,10-B,2,Mathematics,57.1,59.1,11.5,D
78,10-B,2,Science,58.3,59.1,11.5,D
78,10-B,2,English,70.0,59.1,11.5,C
78,10-B,2,Social Science,73.2,59.1,11.5,C
78,10-B,2,Computer Science,71.0,59.1,11.5,C
78,10-B,3,Mathematics,76.9,91.0,8.5,B
78,10-B,3,Science,80.0,91.0,8.5,B
78,10-B,3,English,76.9,91.0,8.5,B
78,10-B,3,Social Science,85.2,91.0,8.5,B
78,10-B,3,Computer Science,79.5,91.0,8.5,B
79,10-B,1,Mathematics,67.0,70.9,7.2,C
79,10-B,1,Science,57.5,70.9,7.2,D
79,10-B,1,English,74.3,70.9,7.2,C
79,10-B,1,Social Science,71.5,70.9,7.2,C
79,10-B,1,Computer Science,73.0,70.9,7.2,C
79,10-B,2,Mathematics,65.1,59.1,8.0,C
79,10-B,2,Science,70.5,59.1,8.0,C
79,10-B,2,English,69.8,59.1,8.0,C
79,10-B,2,Social Science,54.0,59.1,8.0,D
79,10-B,2,Computer Science,74.3,59.1,8.0,C
79,10-B,3,Mathematics,61.8,75.5,11.3,C
79,10-B,3,Science,80.0,75.5,11.3,B
79,10-B,3,English,79.4,75.5,11.3,B
79,10-B,3,Social Science,84.7,75.5,11.3,B
79,10-B,3,Computer Science,76.3,75.5,11.3,B
80,10-B,1,Mathematics,62.4,100.0,5.2,C
80,10-B,1,Science,68.0,100.0,5.2,C
80,10-B,1,English,68.5,100.0,5.2,C
80,10-B,1,Social Science,80.8,100.0,5.2,B
80,10-B,1,Computer Science,86.0,100.0,5.2,B
80,10-B,2,Mathematics,63.4,73.0,2.8,C
80,10-B,2,Science,66.0,73.0,2.8,C
80,10-B,2,English,69.3,73.0,2.8,C
80,10-B,2,Social Science,70.3,73.0,2.8,C
80,10-B,2,Computer Science,60.1,73.0,2.8,C
80,10-B,3,Mathematics,53.7,79.4,4.1,D
80,10-B,3,Science,71.0,79.4,4.1,C
80,10-B,3,English,66.1,79.4,4.1,C
80,10-B,3,Social Science,82.8,79.4,4.1,B
80,10-B,3,Computer Science,71.6,79.4,4.1,C
81,10-C,1,Mathematics,72.4,87.0,13.1,C
81,10-C,1,Science,65.2,87.0,13.1,C
81,10-C,1,English,79.7,87.0,13.1,B
81,10-C,1,Social Science,84.7,87.0,13.1,B
81,10-C,1,Computer Science,75.5,87.0,13.1,B
81,10-C,2,Mathematics,64.7,72.3,11.0,C
81,10-C,2,Science,60.2,72.3,11.0,C
81,10-C,2,English,69.6,80.3,11.0,C
81,10-C,2,Social Science,75.2,72.3,11.0,B
81,10-C,2,Computer Science,74.6,72.3,11.0,C
81,10-C,3,Mathematics,74.4,82.1,11.7,C
81,10-C,3,Science,63.7,82.1,11.7,C
81,10-C,3,English,76.0,82.1,11.7,B
81,10-C,3,Social Science,82.5,82.1,11.7,B
81,10-C,3,Computer Science,81.9,82.1,11.7,B
82,10-C,1,Mathematics,70.6,76.0,5.7,C
82,10-C,1,Science,61.7,76.0,5.7,C
82,10-C,1,English,60.1,76.0,5.7,C
82,10-C,1,Social Science,78.2,76.0,5.7,B
82,10-C,1,Computer Science,69.7,76.0,5.7,C
82,10-C,2,Mathematics,59.1,79.5,4.6,D
82,10-C,2,Science,63.1,79.5,4.6,C
82,10-C,2,English,72.9,80.3,4.6,C
82,10-C,2,Social Science,76.2,79.5,4.6,B
82,10-C,2,Computer Science,62.2,79.5,4.6,C
82,10-C,3,Mathematics,67.8,91.1,5.6,C
82,10-C,3,Science,81.3,91.1,5.6,B
82,10-C,3,English,81.8,91.1,5.6,B
82,10-C,3,Social Science,72.0,91.1,5.6,C
82,10-C,3,Computer Science,94.3,91.1,5.6,A
83,10-C,1,Mathematics,68.9,81.2,8.2,C
83,10-C,1,Science,60.7,81.2,8.2,C
83,10-C,1,English,74.5,81.2,8.2,C
83,10-C,1,Social Science,63.0,81.2,8.2,C
83,10-C,1,Computer Science,76.1,81.2,8.2,B
83,10-C,2,Mathematics,68.9,72.1,6.8,C
83,10-C,2,Science,62.5,72.1,6.8,C
83,10-C,2,English,66.2,72.1,6.8,C
83,10-C,2,Social Science,78.0,72.1,6.8,B
83,10-C,2,Computer Science,68.7,72.1,6.8,C
83,10-C,3,Mathematics,56.9,72.5,10.4,D
83,10-C,3,Science,73.8,72.5,10.4,C
83,10-C,3,English,79.3,72.5,10.4,B
83,10-C,3,Social Science,67.6,72.5,10.4,C
83,10-C,3,Computer Science,69.3,72.5,10.4,C
84,10-C,1,Mathematics,65.1,80.3,5.2,C
84,10-C,1,Science,52.5,80.4,5.2,D
84,10-C,1,English,67.1,80.4,5.2,C
84,10-C,1,Social Science,66.3,80.4,5.2,C
84,10-C,1,Computer Science,69.1,80.4,5.2,C
84,10-C,2,Mathematics,68.1,84.3,4.7,C
84,10-C,2,Science,66.5,84.3,4.7,C
84,10-C,2,English,68.6,84.3,4.7,C
84,10-C,2,Social Science,63.3,84.3,4.7,C
84,10-C,2,Computer Science,66.4,84.3,4.7,C
84,10-C,3,Mathematics,68.8,85.9,5.8,C
84,10-C,3,Science,77.8,85.9,5.8,B
84,10-C,3,English,82.6,85.9,5.8,B
84,10-C,3,Social Science,84.8,85.9,5.8,B
84,10-C,3,Computer Science,75.6,85.9,5.8,B
85,10-C,1,Mathematics,68.9,88.6,8.4,C
85,10-C,1,Science,65.2,88.6,8.4,C
85,10-C,1,English,77.3,88.6,8.4,B
85,10-C,1,Social Science,74.2,88.6,8.4,C
85,10-C,1,Computer Science,75.4,88.6,8.4,B
85,10-C,2,Mathematics,64.8,84.4,9.0,C
85,10-C,2,Science,67.7,84.4,9.0,C
85,10-C,2,English,77.3,80.3,9.0,B
85,10-C,2,Social Science,67.3,84.4,9.0,C
85,10-C,2,Computer Science,82.8,84.4,9.0,B
85,10-C,3,Mathematics,65.5,79.3,11.0,C
85,10-C,3,Science,67.6,79.3,11.0,C
85,10-C,3,English,86.2,79.3,11.0,B
85,10-C,3,Social Science,71.2,79.3,11.0,C
85,10-C,3,Computer Science,67.4,79.3,11.0,C
86,10-C,1,Mathematics,67.6,75.8,14.1,C
86,10-C,1,Science,75.0,75.8,14.1,B
86,10-C,1,English,68.4,75.8,14.1,C
86,10-C,1,Social Science,75.5,75.8,14.1,B
86,10-C,1,Computer Science,79.4,75.8,14.1,B
86,10-C,2,Mathematics,69.9,97.9,5.9,C
86,10-C,2,Science,71.1,97.9,5.9,C
86,10-C,2,English,68.1,97.9,5.9,C
86,10-C,2,Social Science,73.1,97.9,5.9,C
86,10-C,2,Computer Science,73.7,97.9,5.9,C
86,10-C,3,Mathematics,62.4,57.7,10.0,C
86,10-C,3,Science,59.5,57.7,10.0,D
86,10-C,3,English,59.1,57.7,10.0,D
86,10-C,3,Social Science,75.0,57.7,10.0,B
86,10-C,3,Computer Science,69.8,57.7,10.0,C
87,10-C,1,Mathematics,78.3,95.6,6.9,B
87,10-C,1,Science,74.9,95.6,6.9,C
87,10-C,1,English,81.0,95.6,6.9,B
87,10-C,1,Social Science,79.9,95.6,6.9,B
87,10-C,1,Computer Science,82.4,95.6,6.9,B
87,10-C,2,Mathematics,67.6,93.7,9.2,C
87,10-C,2,Science,78.7,80.3,9.2,B
87,10-C,2,English,87.4,93.7,9.2,B
87,10-C,2,Social Science,79.0,93.7,9.2,B
87,10-C,2,Computer Science,83.4,93.7,9.2,B
87,10-C,3,Mathematics,72.8,83.0,7.4,C
87,10-C,3,Science,72.9,83.0,7.4,C
87,10-C,3,English,93.6,83.0,7.4,A
87,10-C,3,Social Science,88.5,83.0,7.4,B
87,10-C,3,Computer Science,85.2,83.0,7.4,B
88,10-C,1,Mathematics,71.4,100.0,8.9,C
88,10-C,1,Science,76.8,100.0,8.9,B
88,10-C,1,English,81.8,100.0,8.9,B
88,10-C,1,Social Science,87.4,100.0,8.9,B
88,10-C,1,Computer Science,80.8,100.0,8.9,B
88,10-C,2,Mathematics,74.1,100.0,5.6,C
88,10-C,2,Science,67.0,100.0,5.6,C
88,10-C,2,English,88.9,100.0,5.6,B
88,10-C,2,Social Science,75.0,100.0,5.6,B
88,10-C,2,Computer Science,78.6,100.0,5.6,B
88,10-C,3,Mathematics,70.3,91.2,12.3,C
88,10-C,3,Science,77.9,91.2,12.3,B
88,10-C,3,English,76.6,91.2,12.3,B
88,10-C,3,Social Science,75.2,91.2,12.3,B
88,10-C,3,Computer Science,85.3,91.2,12.3,B
89,10-C,1,Mathematics,53.7,72.6,6.7,D
89,10-C,1,Science,64.4,72.6,6.7,C
89,10-C,1,English,75.3,72.6,6.7,B
89,10-C,1,Social Science,53.6,72.6,6.7,D
89,10-C,1,Computer Science,66.5,72.6,6.7,C
89,10-C,2,Mathematics,67.6,76.3,9.6,C
89,10-C,2,Science,67.1,76.3,9.6,C
89,10-C,2,English,66.7,76.3,9.6,C
89,10-C,2,Social Science,76.2,76.3,9.6,B
89,10-C,2,Computer Science,74.6,76.3,9.6,C
89,10-C,3,Mathematics,66.7,79.9,9.5,C
89,10-C,3,Science,61.8,79.9,9.5,C
89,10-C,3,English,79.7,79.9,9.5,B
89,10-C,3,Social Science,76.9,79.9,9.5,B
89,10-C,3,Computer Science,76.2,79.9,9.5,B
90,10-C,1,Mathematics,65.8,93.7,5.2,C
90,10-C,1,Science,82.7,93.7,5.2,B
90,10-C,1,English,87.0,93.7,5.2,B
90,10-C,1,Social Science,75.2,93.7,5.2,B
90,10-C,1,Computer Science,72.4,93.7,5.2,C
90,10-C,2,Mathematics,59.3,76.1,7.3,D
90,10-C,2,Science,72.0,76.1,7.3,C
90,10-C,2,English,69.1,76.1,7.3,C
90,10-C,2,Social Science,68.6,76.1,7.3,C
90,10-C,2,Computer Science,83.3,76.1,7.3,B
90,10-C,3,Mathematics,76.7,76.6,8.9,B
90,10-C,3,Science,80.8,76.6,8.9,B
90,10-C,3,English,78.9,76.6,8.9,B
90,10-C,3,Social Science,80.2,76.6,8.9,B
90,10-C,3,Computer Science,77.0,76.6,8.9,B
91,10-C,1,Mathematics,73.1,89.1,5.6,C
91,10-C,1,Science,80.4,89.1,5.6,B
91,10-C,1,English,84.0,89.1,5.6,B
91,10-C,1,Social Science,91.1,89.1,5.6,A
91,10-C,1,Computer Science,90.3,89.1,5.6,A
91,10-C,2,Mathematics,67.6,78.2,8.9,C
91,10-C,2,Science,79.8,78.2,8.9,B
91,10-C,2,English,84.2,80.3,8.9,B
91,10-C,2,Social Science,98.5,78.2,8.9,A
91,10-C,2,Computer Science,84.9,78.2,8.9,B
91,10-C,3,Mathematics,71.2,63.7,7.5,C
91,10-C,3,Science,65.9,63.7,7.5,C
91,10-C,3,English,73.3,63.7,7.5,C
91,10-C,3,Social Science,75.3,63.7,7.5,B
91,10-C,3,Computer Science,77.3,63.7,7.5,B
92,10-C,1,Mathematics,59.6,70.9,10.3,D
92,10-C,1,Science,62.8,70.9,10.3,C
92,10-C,1,English,62.5,70.9,10.3,C
92,10-C,1,Social Science,65.1,70.9,10.3,C
92,10-C,1,Computer Science,75.7,70.9,10.3,B
92,10-C,2,Mathematics,64.2,64.6,8.0,C
92,10-C,2,Science,60.6,64.6,8.0,C
92,10-C,2,English,69.3,64.6,8.0,C
92,10-C,2,Social Science,60.2,64.6,8.0,C
92,10-C,2,Computer Science,76.7,64.6,8.0,B
92,10-C,3,Mathematics,62.7,92.8,9.2,C
92,10-C,3,Science,69.9,92.8,9.2,C
92,10-C,3,English,87.1,92.8,9.2,B
92,10-C,3,Social Science,90.5,92.8,9.2,A
92,10-C,3,Computer Science,84.0,92.8,9.2,B
93,10-C,1,Mathematics,68.9,75.8,8.1,C
93,10-C,1,Science,74.5,80.3,8.1,C
93,10-C,1,English,67.8,75.8,8.1,C
93,10-C,1,Social Science,81.6,75.8,8.1,B
93,10-C,1,Computer Science,85.9,75.8,8.1,B
93,10-C,2,Mathematics,67.7,71.4,4.9,C
93,10-C,2,Science,64.6,71.4,4.9,C
93,10-C,2,English,59.3,71.4,4.9,D
93,10-C,2,Social Science,77.4,71.4,4.9,B
93,10-C,2,Computer Science,75.5,71.4,4.9,B
93,10-C,3,Mathematics,83.9,79.1,15.6,B
93,10-C,3,Science,81.6,79.1,15.6,B
93,10-C,3,English,91.7,79.1,15.6,A
93,10-C,3,Social Science,83.9,79.1,15.6,B
93,10-C,3,Computer Science,87.5,79.1,15.6,B
94,10-C,1,Mathematics,72.9,75.0,6.8,C
94,10-C,1,Science,71.1,75.0,6.8,C
94,10-C,1,English,75.7,75.0,6.8,B
94,10-C,1,Social Science,75.2,75.0,6.8,B
94,10-C,1,Computer Science,74.8,75.0,6.8,C
94,10-C,2,Mathematics,85.3,96.1,8.4,B
94,10-C,2,Science,71.5,96.1,8.4,C
94,10-C,2,English,80.7,96.1,8.4,B
94,10-C,2,Social Science,72.9,96.1,8.4,C
94,10-C,2,Computer Science,81.1,96.1,8.4,B
94,10-C,3,Mathematics,74.9,87.8,13.1,C
94,10-C,3,Science,82.0,87.8,13.1,B
94,10-C,3,English,84.8,87.8,13.1,B
94,10-C,3,Social Science,81.5,87.8,13.1,B
94,10-C,3,Computer Science,80.8,87.8,13.1,B
95,10-C,1,Mathematics,58.9,62.8,8.4,D
95,10-C,1,Science,57.9,62.8,8.4,D
95,10-C,1,English,60.7,62.8,8.4,C
95,10-C,1,Social Science,57.5,62.8,8.4,D
95,10-C,1,Computer Science,79.0,62.8,8.4,B
95,10-C,2,Mathematics,71.7,67.7,13.0,C
95,10-C,2,Science,68.9,67.7,13.0,C
95,10-C,2,English,69.1,67.7,13.0,C
95,10-C,2,Social Science,81.3,67.7,13.0,B
95,10-C,2,Computer Science,77.3,67.7,13.0,B
95,10-C,3,Mathematics,71.9,72.8,7.7,C
95,10-C,3,Science,70.6,72.8,7.7,C
95,10-C,3,English,85.5,72.8,7.7,B
95,10-C,3,Social Science,69.1,72.8,7.7,C
95,10-C,3,Computer Science,77.8,72.8,7.7,B
96,10-C,1,Mathematics,47.9,99.1,5.2,D
96,10-C,1,Science,63.4,99.1,5.2,C
96,10-C,1,English,68.3,99.1,5.2,C
96,10-C,1,Social Science,79.6,99.1,5.2,B
96,10-C,1,Computer Science,68.1,99.1,5.2,C
96,10-C,2,Mathematics,70.8,79.0,9.5,C
96,10-C,2,Science,63.9,79.0,9.5,C
96,10-C,2,English,75.5,80.3,9.5,B
96,10-C,2,Social Science,71.3,79.0,9.5,C
96,10-C,2,Computer Science,68.5,79.0,9.5,C
96,10-C,3,Mathematics,56.7,80.9,8.1,D
96,10-C,3,Science,72.5,80.9,8.1,C
96,10-C,3,English,61.9,80.9,8.1,C
96,10-C,3,Social Science,76.3,80.9,8.1,B
96,10-C,3,Computer Science,77.0,80.9,8.1,B
97,10-C,1,Mathematics,62.9,72.2,7.3,C
97,10-C,1,Science,67.5,72.2,7.3,C
97,10-C,1,English,69.8,72.2,7.3,C
97,10-C,1,Social Science,73.0,72.2,7.3,C
97,10-C,1,Computer Science,65.7,72.2,7.3,C
97,10-C,2,Mathematics,66.0,83.2,3.5,C
97,10-C,2,Science,65.3,83.2,3.5,C
97,10-C,2,English,66.9,83.2,3.5,C
97,10-C,2,Social Science,75.4,83.2,3.5,B
97,10-C,2,Computer Science,74.6,83.2,3.5,C
97,10-C,3,Mathematics,50.5,53.7,8.7,D
97,10-C,3,Science,68.6,53.7,8.7,C
97,10-C,3,English,82.2,53.7,8.7,B
97,10-C,3,Social Science,63.1,53.7,8.7,C
97,10-C,3,Computer Science,68.7,53.7,8.7,C
98,10-C,1,Mathematics,73.8,83.1,9.8,C
98,10-C,1,Science,63.2,83.1,9.8,C
98,10-C,1,English,83.5,83.1,9.8,B
98,10-C,1,Social Science,67.5,83.1,9.8,C
98,10-C,1,Computer Science,76.8,83.1,9.8,B
98,10-C,2,Mathematics,66.3,92.2,10.3,C
98,10-C,2,Science,70.7,92.2,10.3,C
98,10-C,2,English,77.1,92.2,10.3,B
98,10-C,2,Social Science,78.6,92.2,10.3,B
98,10-C,2,Computer Science,77.3,80.3,10.3,B
98,10-C,3,Mathematics,68.8,68.7,9.9,C
98,10-C,3,Science,71.5,68.7,9.9,C
98,10-C,3,English,75.9,68.7,9.9,B
98,10-C,3,Social Science,81.3,68.7,9.9,B
98,10-C,3,Computer Science,77.1,68.7,9.9,B
99,10-C,1,Mathematics,66.4,86.9,13.8,C
99,10-C,1,Science,88.5,86.9,13.8,B
99,10-C,1,English,76.0,86.9,13.8,B
99,10-C,1,Social Science,83.1,86.9,13.8,B
99,10-C,1,Computer Science,81.0,86.9,13.8,B
99,10-C,2,Mathematics,60.0,63.6,7.6,C
99,10-C,2,Science,70.1,63.6,7.6,C
99,10-C,2,English,63.3,63.6,7.6,C
99,10-C,2,Social Science,79.7,63.6,7.6,B
99,10-C,2,Computer Science,74.8,63.6,7.6,C
99,10-C,3,Mathematics,66.6,80.8,6.9,C
99,10-C,3,Science,67.6,80.8,6.9,C
99,10-C,3,English,76.1,80.8,6.9,B
99,10-C,3,Social Science,78.4,80.8,6.9,B
99,10-C,3,Computer Science,79.3,80.8,6.9,B
100,10-C,1,Mathematics,52.2,75.2,4.6,D
100,10-C,1,Science,65.5,75.2,4.6,C
100,10-C,1,English,63.0,80.3,4.6,C
100,10-C,1,Social Science,56.4,75.2,4.6,D
100,10-C,1,Computer Science,50.5,75.2,4.6,D
100,10-C,2,Mathematics,51.5,64.7,2.5,D
100,10-C,2,Science,45.5,64.7,2.5,D
100,10-C,2,English,55.5,64.7,2.5,D
100,10-C,2,Social Science,50.4,64.7,2.5,D
100,10-C,2,Computer Science,56.7,64.7,2.5,D
100,10-C,3,Mathematics,61.3,93.9,5.8,C
100,10-C,3,Science,61.5,93.9,5.8,C
100,10-C,3,English,76.5,93.9,5.8,B
100,10-C,3,Social Science,64.1,93.9,5.8,C
100,10-C,3,Computer Science,65.5,93.9,5.8,C
101,10-C,1,Mathematics,67.8,63.8,8.7,C
101,10-C,1,Science,49.4,63.8,8.7,D
101,10-C,1,English,66.1,63.8,8.7,C
101,10-C,1,Social Science,60.9,63.8,8.7,C
101,10-C,1,Computer Science,77.3,63.8,8.7,B
101,10-C,2,Mathematics,52.4,76.2,6.9,D
101,10-C,2,Science,71.1,76.2,6.9,C
101,10-C,2,English,53.1,76.2,6.9,D
101,10-C,2,Social Science,65.8,76.2,6.9,C
101,10-C,2,Computer Science,67.5,76.2,6.9,C
101,10-C,3,Mathematics,64.8,74.1,8.4,C
101,10-C,3,Science,63.4,74.1,8.4,C
101,10-C,3,English,70.0,74.1,8.4,C
101,10-C,3,Social Science,70.7,74.1,8.4,C
101,10-C,3,Computer Science,77.3,74.1,8.4,B
102,10-C,1,Mathematics,89.0,100.0,11.7,B
102,10-C,1,Science,77.5,100.0,11.7,B
102,10-C,1,English,90.2,100.0,11.7,A
102,10-C,1,Social Science,85.0,100.0,11.7,B
102,10-C,1,Computer Science,88.4,100.0,11.7,B
102,10-C,2,Mathematics,75.6,92.9,6.6,B
102,10-C,2,Science,67.9,92.9,6.6,C
102,10-C,2,English,83.4,92.9,6.6,B
102,10-C,2,Social Science,83.9,92.9,6.6,B
102,10-C,2,Computer Science,81.1,92.9,6.6,B
102,10-C,3,Mathematics,75.6,77.0,15.0,B
102,10-C,3,Science,79.5,77.0,15.0,B
102,10-C,3,English,86.0,77.0,15.0,B
102,10-C,3,Social Science,97.0,77.0,15.0,A
102,10-C,3,Computer Science,100.0,77.0,15.0,A
103,10-C,1,Mathematics,68.5,73.3,6.9,C
103,10-C,1,Science,59.6,73.3,6.9,D
103,10-C,1,English,78.8,73.3,6.9,B
103,10-C,1,Social Science,77.6,80.3,6.9,B
103,10-C,1,Computer Science,71.5,73.3,6.9,C
103,10-C,2,Mathematics,83.1,88.0,10.7,B
103,10-C,2,Science,70.5,88.0,10.7,C
103,10-C,2,English,88.9,80.3,10.7,B
103,10-C,2,Social Science,78.6,88.0,10.7,B
103,10-C,2,Computer Science,78.2,88.0,10.7,B
103,10-C,3,Mathematics,65.2,83.5,8.1,C
103,10-C,3,Science,70.5,83.5,8.1,C
103,10-C,3,English,73.5,83.5,8.1,C
103,10-C,3,Social Science,86.9,83.5,8.1,B
103,10-C,3,Computer Science,91.9,83.5,8.1,A
104,10-C,1,Mathematics,69.9,92.8,6.8,C
104,10-C,1,Science,75.1,92.8,6.8,B
104,10-C,1,English,71.9,92.8,6.8,C
104,10-C,1,Social Science,71.4,92.8,6.8,C
104,10-C,1,Computer Science,80.0,92.8,6.8,B
104,10-C,2,Mathematics,68.2,78.8,5.4,C
104,10-C,2,Science,67.3,78.8,5.4,C
104,10-C,2,English,80.0,78.8,5.4,B
104,10-C,2,Social Science,72.8,80.3,5.4,C
104,10-C,2,Computer Science,73.0,78.8,5.4,C
104,10-C,3,Mathematics,69.3,84.3,8.4,C
104,10-C,3,Science,73.9,84.3,8.4,C
104,10-C,3,English,85.8,84.3,8.4,B
104,10-C,3,Social Science,84.2,84.3,8.4,B
104,10-C,3,Computer Science,90.0,84.3,8.4,A
105,10-C,1,Mathematics,51.9,73.5,5.9,D
105,10-C,1,Science,51.1,73.5,5.9,D
105,10-C,1,English,55.8,73.5,5.9,D
105,10-C,1,Social Science,62.6,73.5,5.9,C
105,10-C,1,Computer Science,60.9,73.5,5.9,C
105,10-C,2,Mathematics,63.1,66.8,11.5,C
105,10-C,2,Science,56.7,66.8,11.5,D
105,10-C,2,English,70.2,66.8,11.5,C
105,10-C,2,Social Science,59.8,66.8,11.5,D
105,10-C,2,Computer Science,72.9,66.8,11.5,C
105,10-C,3,Mathematics,53.3,77.3,5.3,D
105,10-C,3,Science,53.9,77.3,5.3,D
105,10-C,3,English,64.7,77.3,5.3,C
105,10-C,3,Social Science,63.5,77.3,5.3,C
105,10-C,3,Computer Science,64.7,77.3,5.3,C
106,10-C,1,Mathematics,37.7,45.0,8.0,F
106,10-C,1,Science,53.5,80.3,8.0,D
106,10-C,1,English,63.9,45.0,8.0,C
106,10-C,1,Social Science,57.7,45.0,8.0,D
106,10-C,1,Computer Science,55.7,45.0,8.0,D
106,10-C,2,Mathematics,59.0,78.4,7.6,D
106,10-C,2,Science,61.8,78.4,7.6,C
106,10-C,2,English,76.0,78.4,7.6,B
106,10-C,2,Social Science,76.4,78.4,7.6,B
106,10-C,2,Computer Science,71.2,78.4,7.6,C
106,10-C,3,Mathematics,69.0,90.7,7.6,C
106,10-C,3,Science,70.5,90.7,7.6,C
106,10-C,3,English,79.3,80.3,7.6,B
106,10-C,3,Social Science,80.5,90.7,7.6,B
106,10-C,3,Computer Science,79.0,90.7,7.6,B
107,10-C,1,Mathematics,61.5,71.2,12.6,C
107,10-C,1,Science,64.5,71.2,12.6,C
107,10-C,1,English,80.0,71.2,12.6,B
107,10-C,1,Social Science,76.7,71.2,12.6,B
107,10-C,1,Computer Science,75.4,71.2,12.6,B
107,10-C,2,Mathematics,72.1,76.0,15.0,C
107,10-C,2,Science,76.0,76.0,15.0,B
107,10-C,2,English,76.7,76.0,15.0,B
107,10-C,2,Social Science,68.3,76.0,15.0,C
107,10-C,2,Computer Science,70.7,76.0,15.0,C
107,10-C,3,Mathematics,67.6,85.1,9.4,C
107,10-C,3,Science,64.2,85.1,9.4,C
107,10-C,3,English,67.6,85.1,9.4,C
107,10-C,3,Social Science,73.3,85.1,9.4,C
107,10-C,3,Computer Science,68.5,85.1,9.4,C
108,10-C,1,Mathematics,89.1,92.9,16.9,B
108,10-C,1,Science,83.3,92.9,16.9,B
108,10-C,1,English,86.6,92.9,16.9,B
108,10-C,1,Social Science,70.1,92.9,16.9,C
108,10-C,1,Computer Science,89.3,92.9,16.9,B
108,10-C,2,Mathematics,78.9,80.6,11.7,B
108,10-C,2,Science,81.7,80.6,11.7,B
108,10-C,2,English,84.5,80.6,11.7,B
108,10-C,2,Social Science,86.1,80.6,11.7,B
108,10-C,2,Computer Science,92.9,80.6,11.7,A
108,10-C,3,Mathematics,61.3,72.7,7.7,C
108,10-C,3,Science,82.4,72.7,7.7,B
108,10-C,3,English,85.4,72.7,7.7,B
108,10-C,3,Social Science,81.2,72.7,7.7,B
108,10-C,3,Computer Science,71.5,72.7,7.7,C
109,10-C,1,Mathematics,63.5,77.9,8.3,C
109,10-C,1,Science,70.7,77.9,8.3,C
109,10-C,1,English,70.3,77.9,8.3,C
109,10-C,1,Social Science,76.8,77.9,8.3,B
109,10-C,1,Computer Science,75.1,77.9,8.3,B
109,10-C,2,Mathematics,63.8,78.3,8.1,C
109,10-C,2,Science,74.3,78.3,8.1,C
109,10-C,2,English,72.8,78.3,8.1,C
109,10-C,2,Social Science,75.2,78.3,8.1,B
109,10-C,2,Computer Science,73.1,93.3,8.1,C
109,10-C,3,Mathematics,62.3,67.4,11.4,C
109,10-C,3,Science,75.7,67.4,11.4,B
109,10-C,3,English,79.2,67.4,11.4,B
109,10-C,3,Social Science,65.7,67.4,11.4,C
109,10-C,3,Computer Science,72.0,67.4,11.4,C
110,10-C,1,Mathematics,58.3,71.0,4.2,D
110,10-C,1,Science,55.4,71.0,4.2,D
110,10-C,1,English,64.1,71.0,4.2,C
110,10-C,1,Social Science,58.2,71.0,4.2,D
110,10-C,1,Computer Science,64.7,71.0,4.2,C
110,10-C,2,Mathematics,64.4,72.7,8.0,C
110,10-C,2,Science,64.2,72.7,8.0,C
110,10-C,2,English,66.2,72.7,8.0,C
110,10-C,2,Social Science,61.4,72.7,8.0,C
110,10-C,2,Computer Science,70.9,72.7,8.0,C
110,10-C,3,Mathematics,62.0,84.7,7.6,C
110,10-C,3,Science,72.9,84.7,7.6,C
110,10-C,3,English,89.5,84.7,7.6,B
110,10-C,3,Social Science,71.8,84.7,7.6,C
110,10-C,3,Computer Science,77.7,84.7,7.6,B
111,10-C,1,Mathematics,53.6,54.9,8.6,D
111,10-C,1,Science,69.2,54.9,8.6,C
111,10-C,1,English,64.4,54.9,8.6,C
111,10-C,1,Social Science,60.2,69.9,8.6,C
111,10-C,1,Computer Science,65.6,54.9,8.6,C
111,10-C,2,Mathematics,67.4,83.2,6.8,C
111,10-C,2,Science,62.6,83.2,6.8,C
111,10-C,2,English,74.3,83.2,6.8,C
111,10-C,2,Social Science,79.3,83.2,6.8,B
111,10-C,2,Computer Science,88.5,83.2,6.8,B
111,10-C,3,Mathematics,82.4,89.6,9.6,B
111,10-C,3,Science,84.4,89.6,9.6,B
111,10-C,3,English,93.3,89.6,9.6,A
111,10-C,3,Social Science,88.8,89.6,9.6,B
111,10-C,3,Computer Science,83.6,89.6,9.6,B
112,10-C,1,Mathematics,68.6,82.2,9.0,C
112,10-C,1,Science,65.7,82.2,9.0,C
112,10-C,1,English,62.8,82.2,9.0,C
112,10-C,1,Social Science,70.4,82.2,9.0,C
112,10-C,1,Computer Science,64.2,82.2,9.0,C
112,10-C,2,Mathematics,58.6,82.1,8.4,D
112,10-C,2,Science,75.8,82.1,8.4,B
112,10-C,2,English,81.8,82.1,8.4,B
112,10-C,2,Social Science,76.2,82.1,8.4,B
112,10-C,2,Computer Science,87.7,82.1,8.4,B
112,10-C,3,Mathematics,79.1,100.0,5.1,B
112,10-C,3,Science,78.6,100.0,5.1,B
112,10-C,3,English,83.4,100.0,5.1,B
112,10-C,3,Social Science,85.5,100.0,5.1,B
112,10-C,3,Computer Science,77.6,100.0,5.1,B
113,10-C,1,Mathematics,54.3,70.8,5.4,D
113,10-C,1,Science,49.1,70.8,5.4,D
113,10-C,1,English,56.6,70.8,5.4,D
113,10-C,1,Social Science,65.3,70.8,5.4,C
113,10-C,1,Computer Science,63.4,70.8,5.4,C
113,10-C,2,Mathematics,53.0,83.9,2.3,D
113,10-C,2,Science,57.4,83.9,2.3,D
113,10-C,2,English,65.9,83.9,2.3,C
113,10-C,2,Social Science,61.2,83.9,2.3,C
113,10-C,2,Computer Science,72.3,83.9,2.3,C
113,10-C,3,Mathematics,65.8,80.5,8.4,C
113,10-C,3,Science,73.0,80.5,8.4,C
113,10-C,3,English,70.9,80.5,8.4,C
113,10-C,3,Social Science,79.5,80.5,8.4,B
113,10-C,3,Computer Science,77.5,80.5,8.4,B
114,10-C,1,Mathematics,73.2,80.6,9.6,C
114,10-C,1,Science,75.7,80.3,9.6,B
114,10-C,1,English,76.0,80.6,9.6,B
114,10-C,1,Social Science,79.3,80.6,9.6,B
114,10-C,1,Computer Science,76.8,80.6,9.6,B
114,10-C,2,Mathematics,59.6,93.8,8.3,D
114,10-C,2,Science,83.1,93.8,8.3,B
114,10-C,2,English,80.7,93.8,8.3,B
114,10-C,2,Social Science,72.0,93.8,8.3,C
114,10-C,2,Computer Science,79.9,93.8,8.3,B
114,10-C,3,Mathematics,77.9,73.4,15.0,B
114,10-C,3,Science,68.5,73.4,15.0,C
114,10-C,3,English,86.2,73.4,15.0,B
114,10-C,3,Social Science,79.5,73.4,15.0,B
114,10-C,3,Computer Science,95.4,73.4,15.0,A
115,10-C,1,Mathematics,47.9,56.0,7.7,D
115,10-C,1,Science,50.5,56.0,7.7,D
115,10-C,1,English,45.2,56.0,7.7,D
115,10-C,1,Social Science,59.6,56.0,7.7,D
115,10-C,1,Computer Science,69.1,56.0,7.7,C
115,10-C,2,Mathematics,54.5,60.3,11.3,D
115,10-C,2,Science,75.0,60.3,11.3,B
115,10-C,2,English,68.5,60.3,11.3,C
115,10-C,2,Social Science,63.8,60.3,11.3,C
115,10-C,2,Computer Science,73.5,60.3,11.3,C
115,10-C,3,Mathematics,67.0,85.7,6.3,C
115,10-C,3,Science,62.7,85.7,6.3,C
115,10-C,3,English,60.0,85.7,6.3,C
115,10-C,3,Social Science,82.0,85.7,6.3,B
115,10-C,3,Computer Science,69.7,85.7,6.3,C
116,10-C,1,Mathematics,47.8,82.5,3.0,D
116,10-C,1,Science,55.9,82.5,3.0,D
116,10-C,1,English,60.8,82.5,3.0,C
116,10-C,1,Social Science,63.4,82.5,3.0,C
116,10-C,1,Computer Science,71.7,82.5,3.0,C
116,10-C,2,Mathematics,66.8,75.3,9.5,C
116,10-C,2,Science,59.7,75.3,9.5,D
116,10-C,2,English,72.6,75.3,9.5,C
116,10-C,2,Social Science,64.5,75.3,9.5,C
116,10-C,2,Computer Science,78.6,75.3,9.5,B
116,10-C,3,Mathematics,59.4,85.6,8.3,D
116,10-C,3,Science,71.1,85.6,8.3,C
116,10-C,3,English,70.8,85.6,8.3,C
116,10-C,3,Social Science,78.7,85.6,8.3,B
116,10-C,3,Computer Science,75.7,85.6,8.3,B
117,10-C,1,Mathematics,61.4,88.0,9.8,C
117,10-C,1,Science,74.9,88.0,9.8,C
117,10-C,1,English,71.2,88.0,9.8,C
117,10-C,1,Social Science,70.1,88.0,9.8,C
117,10-C,1,Computer Science,74.7,88.0,9.8,C
117,10-C,2,Mathematics,56.6,72.3,6.6,D
117,10-C,2,Science,69.8,72.3,6.6,C
117,10-C,2,English,74.6,72.3,6.6,C
117,10-C,2,Social Science,63.1,72.3,6.6,C
117,10-C,2,Computer Science,76.3,72.3,6.6,B
117,10-C,3,Mathematics,71.1,80.3,9.3,C
117,10-C,3,Science,70.5,80.3,9.3,C
117,10-C,3,English,88.3,80.3,9.3,B
117,10-C,3,Social Science,74.2,80.3,9.3,C
117,10-C,3,Computer Science,67.6,80.3,9.3,C
118,10-C,1,Mathematics,51.6,77.8,7.7,D
118,10-C,1,Science,78.6,77.8,7.7,B
118,10-C,1,English,82.5,77.8,7.7,B
118,10-C,1,Social Science,81.4,77.8,7.7,B
118,10-C,1,Computer Science,84.4,77.8,7.7,B
118,10-C,2,Mathematics,86.2,99.9,8.8,B
118,10-C,2,Science,79.1,99.9,8.8,B
118,10-C,2,English,86.4,99.9,8.8,B
118,10-C,2,Social Science,93.9,99.9,8.8,A
118,10-C,2,Computer Science,91.9,99.9,8.8,A
118,10-C,3,Mathematics,73.1,70.6,10.3,C
118,10-C,3,Science,72.2,70.6,10.3,C
118,10-C,3,English,84.8,70.6,10.3,B
118,10-C,3,Social Science,78.7,70.6,10.3,B
118,10-C,3,Computer Science,73.7,70.6,10.3,C
119,10-C,1,Mathematics,59.4,96.0,2.9,D
119,10-C,1,Science,64.7,96.0,2.9,C
119,10-C,1,English,69.9,96.0,2.9,C
119,10-C,1,Social Science,57.7,96.0,2.9,D
119,10-C,1,Computer Science,65.1,96.0,2.9,C
119,10-C,2,Mathematics,59.5,80.7,10.1,D
119,10-C,2,Science,59.4,80.7,10.1,D
119,10-C,2,English,77.4,80.7,10.1,B
119,10-C,2,Social Science,77.0,80.3,10.1,B
119,10-C,2,Computer Science,74.6,80.7,10.1,C
119,10-C,3,Mathematics,62.7,74.2,9.3,C
119,10-C,3,Science,70.1,74.2,9.3,C
119,10-C,3,English,62.6,74.2,9.3,C
119,10-C,3,Social Science,69.7,74.2,9.3,C
119,10-C,3,Computer Science,70.1,74.2,9.3,C
120,10-C,1,Mathematics,55.7,80.5,7.5,D
120,10-C,1,Science,63.6,80.5,7.5,C
120,10-C,1,English,57.7,80.5,7.5,D
120,10-C,1,Social Science,64.9,80.5,7.5,C
120,10-C,1,Computer Science,69.8,80.5,7.5,C
120,10-C,2,Mathematics,57.7,82.2,11.0,D
120,10-C,2,Science,58.8,82.2,11.0,D
120,10-C,2,English,74.3,82.2,11.0,C
120,10-C,2,Social Science,74.6,82.2,11.0,C
120,10-C,2,Computer Science,86.6,82.2,11.0,B
120,10-C,3,Mathematics,66.6,86.5,5.4,C
120,10-C,3,Science,59.7,86.5,5.4,D
120,10-C,3,English,60.8,86.5,5.4,C
120,10-C,3,Social Science,75.2,86.5,5.4,B
120,10-C,3,Computer Science,72.7,86.5,5.4,C
121,10-D,1,Mathematics,74.7,86.7,13.8,C
121,10-D,1,Science,83.3,86.7,13.8,B
121,10-D,1,English,74.8,86.7,13.8,C
121,10-D,1,Social Science,71.6,86.7,13.8,C
121,10-D,1,Computer Science,90.5,86.7,13.8,A
121,10-D,2,Mathematics,75.5,96.8,10.2,B
121,10-D,2,Science,78.2,96.8,10.2,B
121,10-D,2,English,78.1,80.3,10.2,B
121,10-D,2,Social Science,90.4,96.8,10.2,A
121,10-D,2,Computer Science,87.1,96.8,10.2,B
121,10-D,3,Mathematics,79.3,88.1,10.1,B
121,10-D,3,Science,79.1,88.1,10.1,B
121,10-D,3,English,85.5,88.1,10.1,B
121,10-D,3,Social Science,73.0,88.1,10.1,C
121,10-D,3,Computer Science,85.1,88.1,10.1,B
122,10-D,1,Mathematics,76.6,78.1,8.7,B
122,10-D,1,Science,80.0,78.1,8.7,B
122,10-D,1,English,83.0,78.1,8.7,B
122,10-D,1,Social Science,68.5,78.1,8.7,C
122,10-D,1,Computer Science,83.2,78.1,8.7,B
122,10-D,2,Mathematics,72.4,72.4,6.9,C
122,10-D,2,Science,70.3,72.4,6.9,C
122,10-D,2,English,82.0,72.4,6.9,B
122,10-D,2,Social Science,95.0,72.4,6.9,A
122,10-D,2,Computer Science,82.8,72.4,6.9,B
122,10-D,3,Mathematics,74.4,92.5,7.0,C
122,10-D,3,Science,74.8,92.5,7.0,C
122,10-D,3,English,83.0,92.5,7.0,B
122,10-D,3,Social Science,78.7,92.5,7.0,B
122,10-D,3,Computer Science,83.3,92.5,7.0,B
123,10-D,1,Mathematics,42.0,69.7,3.6,D
123,10-D,1,Science,55.9,69.7,3.6,D
123,10-D,1,English,58.6,69.7,3.6,D
123,10-D,1,Social Science,63.4,69.7,3.6,C
123,10-D,1,Computer Science,65.5,69.7,3.6,C
123,10-D,2,Mathematics,54.1,77.3,10.2,D
123,10-D,2,Science,79.4,77.3,10.2,B
123,10-D,2,English,77.9,77.3,10.2,B
123,10-D,2,Social Science,68.5,77.3,10.2,C
123,10-D,2,Computer Science,64.8,77.3,10.2,C
123,10-D,3,Mathematics,54.2,85.5,2.9,D
123,10-D,3,Science,66.3,85.5,2.9,C
123,10-D,3,English,67.3,85.5,2.9,C
123,10-D,3,Social Science,62.9,85.5,2.9,C
123,10-D,3,Computer Science,73.5,85.5,2.9,C
124,10-D,1,Mathematics,47.9,81.3,6.0,D
124,10-D,1,Science,58.7,81.3,6.0,D
124,10-D,1,English,55.0,81.3,6.0,D
124,10-D,1,Social Science,71.4,81.3,6.0,C
124,10-D,1,Computer Science,58.4,81.3,6.0,D
124,10-D,2,Mathematics,63.1,99.3,4.5,C
124,10-D,2,Science,55.3,99.3,4.5,D
124,10-D,2,English,59.4,99.3,4.5,D
124,10-D,2,Social Science,67.4,99.3,4.5,C
124,10-D,2,Computer Science,72.5,99.3,4.5,C
124,10-D,3,Mathematics,54.2,67.7,11.6,D
124,10-D,3,Science,62.7,67.7,11.6,C
124,10-D,3,English,69.2,67.7,11.6,C
124,10-D,3,Social Science,69.5,67.7,11.6,C
124,10-D,3,Computer Science,57.2,67.7,11.6,D
125,10-D,1,Mathematics,64.3,88.0,7.5,C
125,10-D,1,Science,63.3,88.0,7.5,C
125,10-D,1,English,70.3,88.0,7.5,C
125,10-D,1,Social Science,80.7,88.0,7.5,B
125,10-D,1,Computer Science,77.4,88.0,7.5,B
125,10-D,2,Mathematics,76.3,72.1,7.5,B
125,10-D,2,Science,67.9,72.1,7.5,C
125,10-D,2,English,71.4,72.1,7.5,C
125,10-D,2,Social Science,82.0,72.1,7.5,B
125,10-D,2,Computer Science,78.6,72.1,7.5,B
125,10-D,3,Mathematics,64.1,84.9,7.6,C
125,10-D,3,Science,69.4,84.9,7.6,C
125,10-D,3,English,78.5,84.9,7.6,B
125,10-D,3,Social Science,79.1,84.9,7.6,B
125,10-D,3,Computer Science,84.5,84.9,7.6,B
126,10-D,1,Mathematics,59.0,83.1,8.9,D
126,10-D,1,Science,55.1,83.1,8.9,D
126,10-D,1,English,69.9,83.1,8.9,C
126,10-D,1,Social Science,66.3,83.1,8.9,C
126,10-D,1,Computer Science,70.1,83.1,8.9,C
126,10-D,2,Mathematics,54.1,79.1,4.8,D
126,10-D,2,Science,63.1,79.1,4.8,C
126,10-D,2,English,69.4,79.1,4.8,C
126,10-D,2,Social Science,63.8,79.1,4.8,C
126,10-D,2,Computer Science,72.7,79.1,4.8,C
126,10-D,3,Mathematics,64.7,80.6,5.8,C
126,10-D,3,Science,78.8,80.6,5.8,B
126,10-D,3,English,68.4,80.6,5.8,C
126,10-D,3,Social Science,78.5,80.6,5.8,B
126,10-D,3,Computer Science,81.7,80.6,5.8,B
127,10-D,1,Mathematics,74.4,74.0,14.8,C
127,10-D,1,Science,75.1,74.0,14.8,B
127,10-D,1,English,80.3,74.0,14.8,B
127,10-D,1,Social Science,84.3,74.0,14.8,B
127,10-D,1,Computer Science,83.0,74.0,14.8,B
127,10-D,2,Mathematics,71.7,81.5,12.9,C
127,10-D,2,Science,72.7,81.5,12.9,C
127,10-D,2,English,88.7,81.5,12.9,B
127,10-D,2,Social Science,87.2,81.5,12.9,B
127,10-D,2,Computer Science,91.6,81.5,12.9,A
127,10-D,3,Mathematics,77.7,73.5,12.6,B
127,10-D,3,Science,88.4,73.5,12.6,B
127,10-D,3,English,75.3,73.5,12.6,B
127,10-D,3,Social Science,83.1,73.5,12.6,B
127,10-D,3,Computer Science,82.2,73.5,12.6,B
128,10-D,1,Mathematics,49.1,70.5,10.6,D
128,10-D,1,Science,50.6,70.5,10.6,D
128,10-D,1,English,65.1,70.5,10.6,C
128,10-D,1,Social Science,64.9,70.5,10.6,C
128,10-D,1,Computer Science,66.8,70.5,10.6,C
128,10-D,2,Mathematics,56.3,70.7,7.3,D
128,10-D,2,Science,49.2,70.7,7.3,D
128,10-D,2,English,53.6,70.7,7.3,D
128,10-D,2,Social Science,62.1,70.7,7.3,C
128,10-D,2,Computer Science,68.5,70.7,7.3,C
128,10-D,3,Mathematics,33.7,68.1,0.0,F
128,10-D,3,Science,39.3,68.1,0.0,F
128,10-D,3,English,49.6,68.1,0.0,D
128,10-D,3,Social Science,53.1,68.1,0.0,D
128,10-D,3,Computer Science,77.3,68.1,0.0,B
129,10-D,1,Mathematics,52.6,80.5,4.8,D
129,10-D,1,Science,52.0,80.5,4.8,D
129,10-D,1,English,76.0,80.5,4.8,B
129,10-D,1,Social Science,64.8,80.5,4.8,C
129,10-D,1,Computer Science,56.9,80.5,4.8,D
129,10-D,2,Mathematics,43.6,70.0,6.6,D
129,10-D,2,Science,52.1,70.0,6.6,D
129,10-D,2,English,57.0,70.0,6.6,D
129,10-D,2,Social Science,65.8,70.0,6.6,C
129,10-D,2,Computer Science,59.9,70.0,6.6,D
129,10-D,3,Mathematics,46.6,73.0,4.2,D
129,10-D,3,Science,56.2,73.0,4.2,D
129,10-D,3,English,76.0,73.0,4.2,B
129,10-D,3,Social Science,67.4,73.0,4.2,C
129,10-D,3,Computer Science,58.9,73.0,4.2,D
130,10-D,1,Mathematics,55.4,84.2,8.5,D
130,10-D,1,Science,62.7,84.2,8.5,C
130,10-D,1,English,79.9,84.2,8.5,B
130,10-D,1,Social Science,82.9,84.2,8.5,B
130,10-D,1,Computer Science,77.7,84.2,8.5,B
130,10-D,2,Mathematics,68.3,90.2,7.6,C
130,10-D,2,Science,69.5,90.2,7.6,C
130,10-D,2,English,84.3,90.2,7.6,B
130,10-D,2,Social Science,79.6,90.2,7.6,B
130,10-D,2,Computer Science,78.1,80.3,7.6,B
130,10-D,3,Mathematics,74.8,80.3,10.8,C
130,10-D,3,Science,70.9,80.3,10.8,C
130,10-D,3,English,91.2,80.3,10.8,A
130,10-D,3,Social Science,81.4,80.3,10.8,B
130,10-D,3,Computer Science,81.9,80.3,10.8,B
131,10-D,1,Mathematics,75.6,92.5,8.5,B
131,10-D,1,Science,69.0,92.5,8.5,C
131,10-D,1,English,76.6,92.5,8.5,B
131,10-D,1,Social Science,65.9,92.5,8.5,C
131,10-D,1,Computer Science,88.7,92.5,8.5,B
131,10-D,2,Mathematics,62.7,64.2,11.1,C
131,10-D,2,Science,64.8,64.2,11.1,C
131,10-D,2,English,74.5,64.2,11.1,C
131,10-D,2,Social Science,76.3,64.2,11.1,B
131,10-D,2,Computer Science,80.3,64.2,11.1,B
131,10-D,3,Mathematics,86.7,100.0,10.4,B
131,10-D,3,Science,80.8,100.0,10.4,B
131,10-D,3,English,93.7,100.0,10.4,A
131,10-D,3,Social Science,89.3,100.0,10.4,B
131,10-D,3,Computer Science,87.6,100.0,10.4,B
132,10-D,1,Mathematics,62.4,79.2,8.5,C
132,10-D,1,Science,59.9,79.2,8.5,D
132,10-D,1,English,63.5,79.2,8.5,C
132,10-D,1,Social Science,71.5,79.2,8.5,C
132,10-D,1,Computer Science,58.8,79.2,8.5,D
132,10-D,2,Mathematics,49.4,74.7,12.9,D
132,10-D,2,Science,64.5,74.7,12.9,C
132,10-D,2,English,77.8,74.7,12.9,B
132,10-D,2,Social Science,62.7,74.7,12.9,C
132,10-D,2,Computer Science,90.2,74.7,12.9,A
132,10-D,3,Mathematics,70.4,56.0,12.9,C
132,10-D,3,Science,70.5,56.0,12.9,C
132,10-D,3,English,67.7,56.0,12.9,C
132,10-D,3,Social Science,70.2,56.0,12.9,C
132,10-D,3,Computer Science,64.7,56.0,12.9,C
133,10-D,1,Mathematics,66.1,70.0,7.6,C
133,10-D,1,Science,56.5,70.0,7.6,D
133,10-D,1,English,66.0,70.0,7.6,C
133,10-D,1,Social Science,68.1,70.0,7.6,C
133,10-D,1,Computer Science,61.1,70.0,7.6,C
133,10-D,2,Mathematics,64.0,93.9,9.7,C
133,10-D,2,Science,75.8,93.9,9.7,B
133,10-D,2,English,76.4,93.9,9.7,B
133,10-D,2,Social Science,76.1,93.9,9.7,B
133,10-D,2,Computer Science,82.5,93.9,9.7,B
133,10-D,3,Mathematics,67.2,76.1,11.9,C
133,10-D,3,Science,80.4,76.1,11.9,B
133,10-D,3,English,79.2,76.1,11.9,B
133,10-D,3,Social Science,83.6,76.1,11.9,B
133,10-D,3,Computer Science,77.2,76.1,11.9,B
134,10-D,1,Mathematics,60.7,67.7,9.5,C
134,10-D,1,Science,70.8,67.7,9.5,C
134,10-D,1,English,70.8,67.7,9.5,C
134,10-D,1,Social Science,63.6,67.7,9.5,C
134,10-D,1,Computer Science,62.8,67.7,9.5,C
134,10-D,2,Mathematics,69.8,84.1,8.0,C
134,10-D,2,Science,69.6,84.1,8.0,C
134,10-D,2,English,64.0,84.1,8.0,C
134,10-D,2,Social Science,63.8,84.1,8.0,C
134,10-D,2,Computer Science,78.2,84.1,8.0,B
134,10-D,3,Mathematics,69.8,84.3,7.7,C
134,10-D,3,Science,63.3,84.3,7.7,C
134,10-D,3,English,76.0,84.3,7.7,B
134,10-D,3,Social Science,66.9,84.3,7.7,C
134,10-D,3,Computer Science,59.9,84.3,7.7,D
135,10-D,1,Mathematics,54.7,69.2,6.7,D
135,10-D,1,Science,66.5,69.2,6.7,C
135,10-D,1,English,66.7,69.2,6.7,C
135,10-D,1,Social Science,66.2,69.2,6.7,C
135,10-D,1,Computer Science,58.0,69.2,6.7,D
135,10-D,2,Mathematics,64.3,81.4,4.3,C
135,10-D,2,Science,70.5,81.4,4.3,C
135,10-D,2,English,70.4,81.4,4.3,C
135,10-D,2,Social Science,81.7,81.4,4.3,B
135,10-D,2,Computer Science,74.6,81.4,4.3,C
135,10-D,3,Mathematics,72.3,89.3,9.5,C
135,10-D,3,Science,82.2,89.3,9.5,B
135,10-D,3,English,88.0,89.3,9.5,B
135,10-D,3,Social Science,72.6,89.3,9.5,C
135,10-D,3,Computer Science,88.7,89.3,9.5,B
136,10-D,1,Mathematics,60.8,90.4,9.7,C
136,10-D,1,Science,64.3,90.4,9.7,C
136,10-D,1,English,87.2,90.4,9.7,B
136,10-D,1,Social Science,76.8,90.4,9.7,B
136,10-D,1,Computer Science,77.3,90.4,9.7,B
136,10-D,2,Mathematics,54.8,85.3,7.5,D
136,10-D,2,Science,55.1,85.3,7.5,D
136,10-D,2,English,64.3,85.3,7.5,C
136,10-D,2,Social Science,74.5,85.3,7.5,C
136,10-D,2,Computer Science,74.6,85.3,7.5,C
136,10-D,3,Mathematics,72.4,80.3,9.7,C
136,10-D,3,Science,59.2,80.3,9.7,D
136,10-D,3,English,75.0,80.3,9.7,B
136,10-D,3,Social Science,70.9,80.3,9.7,C
136,10-D,3,Computer Science,70.4,80.3,9.7,C
137,10-D,1,Mathematics,46.6,78.0,6.9,D
137,10-D,1,Science,55.5,78.0,6.9,D
137,10-D,1,English,75.5,78.0,6.9,B
137,10-D,1,Social Science,56.0,78.0,6.9,D
137,10-D,1,Computer Science,54.2,78.0,6.9,D
137,10-D,2,Mathematics,65.4,82.9,9.8,C
137,10-D,2,Science,58.9,82.9,9.8,D
137,10-D,2,English,76.6,82.9,9.8,B
137,10-D,2,Social Science,64.9,82.9,9.8,C
137,10-D,2,Computer Science,64.8,82.9,9.8,C
137,10-D,3,Mathematics,63.9,75.1,8.0,C
137,10-D,3,Science,66.4,75.1,8.0,C
137,10-D,3,English,67.5,75.1,8.0,C
137,10-D,3,Social Science,72.2,75.1,8.0,C
137,10-D,3,Computer Science,69.1,75.1,8.0,C
138,10-D,1,Mathematics,59.7,67.3,3.7,D
138,10-D,1,Science,49.7,67.3,3.7,D
138,10-D,1,English,61.2,67.3,3.7,C
138,10-D,1,Social Science,61.4,67.3,3.7,C
138,10-D,1,Computer Science,77.3,67.3,3.7,B
138,10-D,2,Mathematics,56.5,77.8,12.9,D
138,10-D,2,Science,70.5,77.8,12.9,C
138,10-D,2,English,93.5,77.8,12.9,A
138,10-D,2,Social Science,78.9,77.8,12.9,B
138,10-D,2,Computer Science,77.3,77.8,12.9,B
138,10-D,3,Mathematics,73.0,90.6,14.5,C
138,10-D,3,Science,83.7,90.6,14.5,B
138,10-D,3,English,87.0,90.6,14.5,B
138,10-D,3,Social Science,90.5,90.6,14.5,A
138,10-D,3,Computer Science,90.1,90.6,14.5,A
139,10-D,1,Mathematics,58.8,76.8,8.5,D
139,10-D,1,Science,61.9,76.8,8.5,C
139,10-D,1,English,70.0,76.8,8.5,C
139,10-D,1,Social Science,69.0,76.8,8.5,C
139,10-D,1,Computer Science,64.8,76.8,8.5,C
139,10-D,2,Mathematics,63.6,97.7,8.2,C
139,10-D,2,Science,81.5,97.7,8.2,B
139,10-D,2,English,75.4,97.7,8.2,B
139,10-D,2,Social Science,81.9,80.3,8.2,B
139,10-D,2,Computer Science,80.8,97.7,8.2,B
139,10-D,3,Mathematics,67.6,85.5,9.4,C
139,10-D,3,Science,74.3,85.5,9.4,C
139,10-D,3,English,91.3,85.5,9.4,A
139,10-D,3,Social Science,64.6,85.5,9.4,C
139,10-D,3,Computer Science,80.4,85.5,9.4,B
140,10-D,1,Mathematics,67.1,70.1,4.1,C
140,10-D,1,Science,54.9,70.1,4.1,D
140,10-D,1,English,74.6,70.1,4.1,C
140,10-D,1,Social Science,64.4,70.1,4.1,C
140,10-D,1,Computer Science,63.6,70.1,4.1,C
140,10-D,2,Mathematics,76.5,86.4,10.4,B
140,10-D,2,Science,75.0,86.4,10.4,B
140,10-D,2,English,78.3,86.4,10.4,B
140,10-D,2,Social Science,77.5,86.4,10.4,B
140,10-D,2,Computer Science,86.5,86.4,10.4,B
140,10-D,3,Mathematics,63.6,90.8,5.8,C
140,10-D,3,Science,72.4,90.8,5.8,C
140,10-D,3,English,71.7,90.8,5.8,C
140,10-D,3,Social Science,72.2,90.8,5.8,C
140,10-D,3,Computer Science,70.7,90.8,5.8,C
141,10-D,1,Mathematics,63.6,83.8,10.9,C
141,10-D,1,Science,79.0,83.8,10.9,B
141,10-D,1,English,71.1,83.8,10.9,C
141,10-D,1,Social Science,89.7,83.8,10.9,B
141,10-D,1,Computer Science,78.6,83.8,10.9,B
141,10-D,2,Mathematics,44.2,85.6,6.7,D
141,10-D,2,Science,63.2,85.6,6.7,C
141,10-D,2,English,70.2,85.6,6.7,C
141,10-D,2,Social Science,79.7,85.6,6.7,B
141,10-D,2,Computer Science,61.9,85.6,6.7,C
141,10-D,3,Mathematics,73.8,100.0,7.7,C
141,10-D,3,Science,57.2,100.0,7.7,D
141,10-D,3,English,78.3,100.0,7.7,B
141,10-D,3,Social Science,74.4,100.0,7.7,C
141,10-D,3,Computer Science,82.5,100.0,7.7,B
142,10-D,1,Mathematics,64.2,80.3,10.9,C
142,10-D,1,Science,66.7,68.7,10.9,C
142,10-D,1,English,74.1,68.7,10.9,C
142,10-D,1,Social Science,73.7,68.7,10.9,C
142,10-D,1,Computer Science,68.9,68.7,10.9,C
142,10-D,2,Mathematics,61.7,80.3,4.2,C
142,10-D,2,Science,60.9,67.6,4.2,C
142,10-D,2,English,62.2,67.6,4.2,C
142,10-D,2,Social Science,58.0,67.6,4.2,D
142,10-D,2,Computer Science,62.8,67.6,4.2,C
142,10-D,3,Mathematics,60.8,82.4,7.6,C
142,10-D,3,Science,80.9,82.4,7.6,B
142,10-D,3,English,74.3,82.4,7.6,C
142,10-D,3,Social Science,68.3,82.4,7.6,C
142,10-D,3,Computer Science,66.1,82.4,7.6,C
143,10-D,1,Mathematics,59.6,86.1,9.9,D
143,10-D,1,Science,64.2,86.1,9.9,C
143,10-D,1,English,67.1,86.1,9.9,C
143,10-D,1,Social Science,61.3,86.1,9.9,C
143,10-D,1,Computer Science,77.7,86.1,9.9,B
143,10-D,2,Mathematics,64.0,83.6,15.4,C
143,10-D,2,Science,70.8,83.6,15.4,C
143,10-D,2,English,81.9,83.6,15.4,B
143,10-D,2,Social Science,74.1,83.6,15.4,C
143,10-D,2,Computer Science,69.3,83.6,15.4,C
143,10-D,3,Mathematics,60.2,71.4,8.5,C
143,10-D,3,Science,60.5,71.4,8.5,C
143,10-D,3,English,72.1,71.4,8.5,C
143,10-D,3,Social Science,71.1,71.4,8.5,C
143,10-D,3,Computer Science,69.1,71.4,8.5,C
144,10-D,1,Mathematics,66.9,77.5,9.7,C
144,10-D,1,Science,64.7,77.5,9.7,C
144,10-D,1,English,72.1,77.5,9.7,C
144,10-D,1,Social Science,66.4,77.5,9.7,C
144,10-D,1,Computer Science,61.9,77.5,9.7,C
144,10-D,2,Mathematics,64.9,71.0,10.6,C
144,10-D,2,Science,74.8,71.0,10.6,C
144,10-D,2,English,70.6,71.0,10.6,C
144,10-D,2,Social Science,74.4,71.0,10.6,C
144,10-D,2,Computer Science,79.2,71.0,10.6,B
144,10-D,3,Mathematics,65.9,92.0,6.8,C
144,10-D,3,Science,70.8,92.0,6.8,C
144,10-D,3,English,69.1,92.0,6.8,C
144,10-D,3,Social Science,76.8,92.0,6.8,B
144,10-D,3,Computer Science,82.1,92.0,6.8,B
145,10-D,1,Mathematics,61.8,99.0,6.9,C
145,10-D,1,Science,64.6,99.0,6.9,C
145,10-D,1,English,66.8,99.0,6.9,C
145,10-D,1,Social Science,72.5,99.0,6.9,C
145,10-D,1,Computer Science,72.1,99.0,6.9,C
145,10-D,2,Mathematics,71.1,96.9,9.9,C
145,10-D,2,Science,69.5,96.9,9.9,C
145,10-D,2,English,67.4,96.9,9.9,C
145,10-D,2,Social Science,74.3,96.9,9.9,C
145,10-D,2,Computer Science,71.8,96.9,9.9,C
145,10-D,3,Mathematics,75.8,90.8,8.3,B
145,10-D,3,Science,73.2,90.8,8.3,C
145,10-D,3,English,78.8,90.8,8.3,B
145,10-D,3,Social Science,74.2,90.8,8.3,C
145,10-D,3,Computer Science,76.0,90.8,8.3,B
146,10-D,1,Mathematics,67.7,90.2,6.2,C
146,10-D,1,Science,83.5,90.2,6.2,B
146,10-D,1,English,72.2,90.2,6.2,C
146,10-D,1,Social Science,70.2,90.2,6.2,C
146,10-D,1,Computer Science,69.6,90.2,6.2,C
146,10-D,2,Mathematics,66.4,67.5,12.2,C
146,10-D,2,Science,70.8,67.5,12.2,C
146,10-D,2,English,85.1,67.5,12.2,B
146,10-D,2,Social Science,88.1,67.5,12.2,B
146,10-D,2,Computer Science,69.7,67.5,12.2,C
146,10-D,3,Mathematics,77.9,93.5,10.8,B
146,10-D,3,Science,81.3,93.5,10.8,B
146,10-D,3,English,83.3,93.5,10.8,B
146,10-D,3,Social Science,92.0,93.5,10.8,A
146,10-D,3,Computer Science,88.2,93.5,10.8,B
147,10-D,1,Mathematics,72.6,93.0,10.9,C
147,10-D,1,Science,74.8,93.0,10.9,C
147,10-D,1,English,88.4,93.0,10.9,B
147,10-D,1,Social Science,79.9,93.0,10.9,B
147,10-D,1,Computer Science,78.3,93.0,10.9,B
147,10-D,2,Mathematics,54.4,73.0,7.4,D
147,10-D,2,Science,64.4,73.0,7.4,C
147,10-D,2,English,70.3,80.3,7.4,C
147,10-D,2,Social Science,55.4,73.0,7.4,D
147,10-D,2,Computer Science,69.8,73.0,7.4,C
147,10-D,3,Mathematics,64.8,89.0,9.3,C
147,10-D,3,Science,81.2,89.0,9.3,B
147,10-D,3,English,74.4,89.0,9.3,C
147,10-D,3,Social Science,70.2,89.0,9.3,C
147,10-D,3,Computer Science,73.1,89.0,9.3,C
148,10-D,1,Mathematics,69.0,89.8,11.5,C
148,10-D,1,Science,63.5,89.8,11.5,C
148,10-D,1,English,71.8,89.8,11.5,C
148,10-D,1,Social Science,69.3,89.8,11.5,C
148,10-D,1,Computer Science,75.6,89.8,11.5,B
148,10-D,2,Mathematics,60.8,63.3,8.6,C
148,10-D,2,Science,59.1,63.3,8.6,D
148,10-D,2,English,67.7,63.3,8.6,C
148,10-D,2,Social Science,58.3,63.3,8.6,D
148,10-D,2,Computer Science,57.2,63.3,8.6,D
148,10-D,3,Mathematics,73.6,75.6,12.1,C
148,10-D,3,Science,67.7,75.6,12.1,C
148,10-D,3,English,82.6,75.6,12.1,B
148,10-D,3,Social Science,72.4,75.6,12.1,C
148,10-D,3,Computer Science,85.5,75.6,12.1,B
149,10-D,1,Mathematics,59.7,76.2,10.6,D
149,10-D,1,Science,61.7,76.2,10.6,C
149,10-D,1,English,63.6,76.2,10.6,C
149,10-D,1,Social Science,72.9,76.2,10.6,C
149,10-D,1,Computer Science,73.0,76.2,10.6,C
149,10-D,2,Mathematics,72.7,81.0,7.3,C
149,10-D,2,Science,64.5,81.0,7.3,C
149,10-D,2,English,67.7,81.0,7.3,C
149,10-D,2,Social Science,78.5,81.0,7.3,B
149,10-D,2,Computer Science,81.6,81.0,7.3,B
149,10-D,3,Mathematics,59.8,86.1,3.6,D
149,10-D,3,Science,70.1,86.1,3.6,C
149,10-D,3,English,71.5,86.1,3.6,C
149,10-D,3,Social Science,79.7,86.1,3.6,B
149,10-D,3,Computer Science,64.2,86.1,3.6,C
150,10-D,1,Mathematics,66.4,74.7,12.3,C
150,10-D,1,Science,76.0,74.7,12.3,B
150,10-D,1,English,70.9,74.7,12.3,C
150,10-D,1,Social Science,65.4,74.7,12.3,C
150,10-D,1,Computer Science,69.2,74.7,12.3,C
150,10-D,2,Mathematics,68.4,76.0,5.6,C
150,10-D,2,Science,72.2,76.0,5.6,C
150,10-D,2,English,70.8,76.0,5.6,C
150,10-D,2,Social Science,61.9,76.0,5.6,C
150,10-D,2,Computer Science,69.4,76.0,5.6,C
150,10-D,3,Mathematics,74.4,76.2,13.3,C
150,10-D,3,Science,78.4,76.2,13.3,B
150,10-D,3,English,78.1,80.3,13.3,B
150,10-D,3,Social Science,67.4,76.2,13.3,C
150,10-D,3,Computer Science,76.9,76.2,13.3,B
151,10-D,1,Mathematics,50.1,82.0,7.7,D
151,10-D,1,Science,55.6,82.0,7.7,D
151,10-D,1,English,72.3,82.0,7.7,C
151,10-D,1,Social Science,56.1,82.0,7.7,D
151,10-D,1,Computer Science,58.4,82.0,7.7,D
151,10-D,2,Mathematics,50.1,77.0,5.6,D
151,10-D,2,Science,58.8,77.0,5.6,D
151,10-D,2,English,71.0,77.0,5.6,C
151,10-D,2,Social Science,49.0,77.0,5.6,D
151,10-D,2,Computer Science,77.3,77.0,5.6,B
151,10-D,3,Mathematics,57.4,80.7,7.8,D
151,10-D,3,Science,59.5,80.7,7.8,D
151,10-D,3,English,72.5,80.7,7.8,C
151,10-D,3,Social Science,62.7,80.7,7.8,C
151,10-D,3,Computer Science,66.8,80.3,7.8,C
152,10-D,1,Mathematics,65.9,81.1,7.5,C
152,10-D,1,Science,62.8,96.1,7.5,C
152,10-D,1,English,68.9,81.1,7.5,C
152,10-D,1,Social Science,66.6,81.1,7.5,C
152,10-D,1,Computer Science,62.8,81.1,7.5,C
152,10-D,2,Mathematics,57.3,72.7,5.1,D
152,10-D,2,Science,54.8,87.7,5.1,D
152,10-D,2,English,57.8,72.7,5.1,D
152,10-D,2,Social Science,64.6,72.7,5.1,C
152,10-D,2,Computer Science,68.3,72.7,5.1,C
152,10-D,3,Mathematics,65.6,64.4,13.7,C
152,10-D,3,Science,67.8,64.4,13.7,C
152,10-D,3,English,79.8,64.4,13.7,B
152,10-D,3,Social Science,72.9,64.4,13.7,C
152,10-D,3,Computer Science,70.8,64.4,13.7,C
153,10-D,1,Mathematics,74.5,72.5,8.8,C
153,10-D,1,Science,70.5,72.5,8.8,C
153,10-D,1,English,76.8,72.5,8.8,B
153,10-D,1,Social Science,78.7,72.5,8.8,B
153,10-D,1,Computer Science,92.8,72.5,8.8,A
153,10-D,2,Mathematics,76.9,75.4,9.3,B
153,10-D,2,Science,76.4,75.4,9.3,B
153,10-D,2,English,73.7,75.4,9.3,C
153,10-D,2,Social Science,82.4,75.4,9.3,B
153,10-D,2,Computer Science,82.6,75.4,9.3,B
153,10-D,3,Mathematics,90.7,89.7,13.1,A
153,10-D,3,Science,90.0,89.7,13.1,A
153,10-D,3,English,94.5,80.3,13.1,A
153,10-D,3,Social Science,85.0,89.7,13.1,B
153,10-D,3,Computer Science,92.8,89.7,13.1,A
154,10-D,1,Mathematics,55.4,76.3,8.4,D
154,10-D,1,Science,72.6,76.3,8.4,C
154,10-D,1,English,81.3,76.3,8.4,B
154,10-D,1,Social Science,65.1,76.3,8.4,C
154,10-D,1,Computer Science,71.8,76.3,8.4,C
154,10-D,2,Mathematics,70.5,79.0,12.2,C
154,10-D,2,Science,71.4,79.0,12.2,C
154,10-D,2,English,74.5,79.0,12.2,C
154,10-D,2,Social Science,75.6,79.0,12.2,B
154,10-D,2,Computer Science,70.9,79.0,12.2,C
154,10-D,3,Mathematics,69.9,89.1,6.6,C
154,10-D,3,Science,70.4,89.1,6.6,C
154,10-D,3,English,81.2,89.1,6.6,B
154,10-D,3,Social Science,73.6,89.1,6.6,C
154,10-D,3,Computer Science,81.8,89.1,6.6,B
155,10-D,1,Mathematics,56.9,84.7,6.9,D
155,10-D,1,Science,59.2,84.7,6.9,D
155,10-D,1,English,69.4,84.7,6.9,C
155,10-D,1,Social Science,50.7,80.3,6.9,D
155,10-D,1,Computer Science,66.7,84.7,6.9,C
155,10-D,2,Mathematics,44.4,64.7,11.5,D
155,10-D,2,Science,53.3,64.7,11.5,D
155,10-D,2,English,54.2,64.7,11.5,D
155,10-D,2,Social Science,73.1,64.7,11.5,C
155,10-D,2,Computer Science,57.5,64.7,11.5,D
155,10-D,3,Mathematics,47.5,81.8,6.5,D
155,10-D,3,Science,59.3,81.8,6.5,D
155,10-D,3,English,70.3,81.8,6.5,C
155,10-D,3,Social Science,64.2,81.8,6.5,C
155,10-D,3,Computer Science,73.0,81.8,6.5,C
156,10-D,1,Mathematics,58.6,79.5,6.7,D
156,10-D,1,Science,70.9,79.5,6.7,C
156,10-D,1,English,66.7,79.5,6.7,C
156,10-D,1,Social Science,64.7,79.5,6.7,C
156,10-D,1,Computer Science,61.8,79.5,6.7,C
156,10-D,2,Mathematics,56.5,72.9,12.5,D
156,10-D,2,Science,60.7,72.9,12.5,C
156,10-D,2,English,70.6,72.9,12.5,C
156,10-D,2,Social Science,75.2,72.9,12.5,B
156,10-D,2,Computer Science,84.0,72.9,12.5,B
156,10-D,3,Mathematics,60.6,57.8,9.5,C
156,10-D,3,Science,52.6,57.8,9.5,D
156,10-D,3,English,60.5,57.8,9.5,C
156,10-D,3,Social Science,65.9,57.8,9.5,C
156,10-D,3,Computer Science,75.1,57.8,9.5,B
157,10-D,1,Mathematics,61.6,62.8,10.5,C
157,10-D,1,Science,53.4,62.8,10.5,D
157,10-D,1,English,47.2,62.8,10.5,D
157,10-D,1,Social Science,75.2,62.8,10.5,B
157,10-D,1,Computer Science,60.2,62.8,10.5,C
157,10-D,2,Mathematics,58.7,90.9,7.7,D
157,10-D,2,Science,61.2,90.9,7.7,C
157,10-D,2,English,77.8,80.3,7.7,B
157,10-D,2,Social Science,76.6,90.9,7.7,B
157,10-D,2,Computer Science,57.1,90.9,7.7,D
157,10-D,3,Mathematics,60.8,71.3,13.5,C
157,10-D,3,Science,57.8,71.3,13.5,D
157,10-D,3,English,76.0,71.3,13.5,B
157,10-D,3,Social Science,69.4,71.3,13.5,C
157,10-D,3,Computer Science,71.4,71.3,13.5,C
158,10-D,1,Mathematics,56.4,76.2,6.4,D
158,10-D,1,Science,52.6,76.2,6.4,D
158,10-D,1,English,60.7,76.2,6.4,C
158,10-D,1,Social Science,60.6,76.2,6.4,C
158,10-D,1,Computer Science,71.3,76.2,6.4,C
158,10-D,2,Mathematics,64.0,84.0,7.7,C
158,10-D,2,Science,66.2,84.0,7.7,C
158,10-D,2,English,75.3,84.0,7.7,B
158,10-D,2,Social Science,70.8,84.0,7.7,C
158,10-D,2,Computer Science,80.5,84.0,7.7,B
158,10-D,3,Mathematics,64.7,94.7,8.2,C
158,10-D,3,Science,75.4,94.7,8.2,B
158,10-D,3,English,78.2,94.7,8.2,B
158,10-D,3,Social Science,73.6,94.7,8.2,C
158,10-D,3,Computer Science,67.3,94.7,8.2,C
159,10-D,1,Mathematics,57.7,80.7,9.4,D
159,10-D,1,Science,48.1,80.7,9.4,D
159,10-D,1,English,67.1,80.7,9.4,C
159,10-D,1,Social Science,56.7,80.7,9.4,D
159,10-D,1,Computer Science,77.3,80.3,9.4,B
159,10-D,2,Mathematics,46.6,82.4,5.0,D
159,10-D,2,Science,40.7,82.4,5.0,D
159,10-D,2,English,52.7,82.4,5.0,D
159,10-D,2,Social Science,46.3,82.4,5.0,D
159,10-D,2,Computer Science,61.8,82.4,5.0,C
159,10-D,3,Mathematics,59.9,79.9,10.4,D
159,10-D,3,Science,57.0,79.9,10.4,D
159,10-D,3,English,67.9,79.9,10.4,C
159,10-D,3,Social Science,62.5,79.9,10.4,C
159,10-D,3,Computer Science,70.5,79.9,10.4,C
160,10-D,1,Mathematics,58.9,70.6,8.2,D
160,10-D,1,Science,59.7,70.6,8.2,D
160,10-D,1,English,71.9,70.6,8.2,C
160,10-D,1,Social Science,75.9,70.6,8.2,B
160,10-D,1,Computer Science,65.4,80.3,8.2,C
160,10-D,2,Mathematics,54.6,78.0,1.7,D
160,10-D,2,Science,55.8,78.0,1.7,D
160,10-D,2,English,50.5,78.0,1.7,D
160,10-D,2,Social Science,64.2,78.0,1.7,C
160,10-D,2,Computer Science,68.0,78.0,1.7,C
160,10-D,3,Mathematics,57.7,75.1,7.6,D
160,10-D,3,Science,71.1,80.3,7.6,C
160,10-D,3,English,62.4,75.1,7.6,C
160,10-D,3,Social Science,68.7,75.1,7.6,C
160,10-D,3,Computer Science,84.2,75.1,7.6,B
